observed_utc,game_pk,game_date,start_utc,model_snapshot_utc,model_tag,away,home,lean,xw_net,sportsbook_ml,sportsbook_be,kalshi_ticker,event_ticker,status,reason,market_status,book_best_ask,quantity,avg_price,estimated_fee,fee_multiplier,kalshi_be,savings_pp,pnl_dollars,settled_utc,estimated_fee_1x,kalshi_be_1x,savings_pp_1x
2026-09-28T05:06:05.132857+00:00,822679,2026-09-27,2026-09-27T17:05:00+00:00,2026-09-27T18:47:07.896715+00:00,xw+starter_velo_v14,NYM,WSH,WSH,0.00344306326234156,-108.0,,,,skipped,stale_or_postgame_model,,,,,,0.5,,,,,,,
2026-09-28T05:06:05.132857+00:00,822761,2026-09-27,2026-09-27T19:07:00+00:00,2026-09-27T18:47:07.896715+00:00,xw+starter_velo_v14,CIN,TOR,TOR,0.0067393714015214766,-171.0,,,,skipped,stale_or_postgame_model,,,,,,0.5,,,,,,,
2026-09-28T05:06:05.132857+00:00,823084,2026-09-27,2026-09-27T19:10:00+00:00,2026-09-27T18:47:07.896715+00:00,xw+starter_velo_v14,LAA,SEA,SEA,0.054313130875941528,-166.0,,,,skipped,stale_or_postgame_model,,,,,,0.5,,,,,,,
2026-09-28T05:06:05.132857+00:00,823164,2026-09-27,2026-09-27T19:05:00+00:00,2026-09-27T18:47:07.896715+00:00,xw+starter_velo_v14,LAD,SF,LAD,-0.067082263116333029,-249.0,,,,skipped,stale_or_postgame_model,,,,,,0.5,,,,,,,
2026-09-28T05:06:05.132857+00:00,823246,2026-09-27,2026-09-27T19:10:00+00:00,2026-09-27T18:47:07.896715+00:00,xw+starter_velo_v14,ARI,SD,ARI,-0.032197369326368522,-158.0,,,,skipped,stale_or_postgame_model,,,,,,0.5,,,,,,,
2026-09-28T05:06:05.132857+00:00,823408,2026-09-27,2026-09-27T18:30:00+00:00,2026-09-27T18:47:07.896715+00:00,xw+starter_velo_v14,TB,PHI,PHI,0.0309626979117419996,-207.0,,,,skipped,stale_or_postgame_model,,,,,,0.5,,,,,,,
2026-09-28T05:06:05.132857+00:00,823490,2026-09-27,2026-09-27T17:05:00+00:00,2026-09-27T18:47:07.896715+00:00,xw+starter_velo_v14,BAL,NYY,NYY,0.0003605941107897026,-120.0,,,,skipped,stale_or_postgame_model,,,,,,0.5,,,,,,,
2026-09-28T05:06:05.132857+00:00,823650,2026-09-27,2026-09-27T19:10:00+00:00,2026-09-27T18:47:07.896715+00:00,xw+starter_velo_v14,TEX,MIN,TEX,-0.0041030605330378275,-117.0,,,,skipped,stale_or_postgame_model,,,,,,0.5,,,,,,,
2026-09-28T05:06:05.132857+00:00,823731,2026-09-27,2026-09-27T19:10:00+00:00,2026-09-27T18:47:07.896715+00:00,xw+starter_velo_v14,STL,MIL,MIL,0.070864570936573117,-218.0,,,,skipped,stale_or_postgame_model,,,,,,0.5,,,,,,,
2026-09-28T05:06:05.132857+00:00,823814,2026-09-27,2026-09-27T19:10:00+00:00,2026-09-27T18:47:07.896715+00:00,xw+starter_velo_v14,ATL,MIA,MIA,0.00029177544450354,-126.0,,,,skipped,stale_or_postgame_model,,,,,,0.5,,,,,,,
2026-09-28T05:06:05.132857+00:00,824055,2026-09-27,2026-09-27T19:10:00+00:00,2026-09-27T18:47:07.896715+00:00,xw+starter_velo_v14,CLE,KC,CLE,-0.023885026110647023,-109.0,,,,skipped,stale_or_postgame_model,,,,,,0.5,,,,,,,
2026-09-28T05:06:05.132857+00:00,824217,2026-09-27,2026-09-27T19:10:00+00:00,2026-09-27T18:47:07.896715+00:00,xw+starter_velo_v14,PIT,DET,DET,0.001168655188804657,-116.0,,,,skipped,stale_or_postgame_model,,,,,,0.5,,,,,,,
2026-09-28T05:06:05.132857+00:00,824542,2026-09-27,2026-09-27T19:10:00+00:00,2026-09-27T18:47:07.896715+00:00,xw+starter_velo_v14,COL,CWS,CWS,0.0263262024756815705,-163.0,,,,skipped,stale_or_postgame_model,,,,,,0.5,,,,,,,
2026-09-28T05:06:05.132857+00:00,824705,2026-09-27,2026-09-27T19:05:00+00:00,2026-09-27T18:47:07.896715+00:00,xw+starter_velo_v14,CHC,BOS,,,-120.0,,,,skipped,invalid_pregame_snapshot,,,,,,0.5,,,,,,,
2026-09-28T05:06:05.132857+00:00,824948,2026-09-27,2026-09-27T19:05:00+00:00,2026-09-27T18:47:07.896715+00:00,xw+starter_velo_v14,HOU,ATH,HOU,-0.022568206204948038,-199.0,,,,skipped,stale_or_postgame_model,,,,,,0.5,,,,,,,
