game_pk,faced_pitcher,pitcher_side,batting_side,player_id,batting_order,PA,xwoba_raw,xwoba_shrunk,slot_weight,savant_backfill,model_tag,model_metric,snapshot_utc
824631,Wilber Dotel,away,home,691718,1.0,659.0,0.373,0.3652946208740295,4.61,False,xw+plat_consol_v12,xwOBA,2026-09-11T17:43:54.867125+00:00
824631,Wilber Dotel,away,home,673548,2.0,573.0,0.339,0.33536198698869,4.5,False,xw+plat_consol_v12,xwOBA,2026-09-11T17:43:54.867125+00:00
824631,Wilber Dotel,away,home,683737,3.0,647.0,0.329,0.3270610672602254,4.39,False,xw+plat_consol_v12,xwOBA,2026-09-11T17:43:54.867125+00:00
824631,Wilber Dotel,away,home,608324,4.0,657.0,0.318,0.31753978499787106,4.29,False,xw+plat_consol_v12,xwOBA,2026-09-11T17:43:54.867125+00:00
824631,Wilber Dotel,away,home,664023,5.0,585.0,0.313,0.31322133904144284,4.18,False,xw+plat_consol_v12,xwOBA,2026-09-11T17:43:54.867125+00:00
824631,Wilber Dotel,away,home,663538,6.0,628.0,0.324,0.3226972764332258,4.08,False,xw+plat_consol_v12,xwOBA,2026-09-11T17:43:54.867125+00:00
824631,Wilber Dotel,away,home,624424,7.0,266.0,0.339,0.3323104296267442,3.97,False,xw+plat_consol_v12,xwOBA,2026-09-11T17:43:54.867125+00:00
824631,Wilber Dotel,away,home,699393,8.0,217.0,0.288,0.29636472316526297,3.87,False,xw+plat_consol_v12,xwOBA,2026-09-11T17:43:54.867125+00:00
824631,Wilber Dotel,away,home,608348,9.0,388.0,0.31,0.31092544517087783,3.76,False,xw+plat_consol_v12,xwOBA,2026-09-11T17:43:54.867125+00:00
824631,Shota Imanaga,home,away,804606,1.0,272.0,0.302,0.30536456248222676,4.61,False,xw+plat_consol_v12,xwOBA,2026-09-11T17:43:54.867125+00:00
824631,Shota Imanaga,home,away,665833,2.0,367.0,0.354,0.3455452189365918,4.5,False,xw+plat_consol_v12,xwOBA,2026-09-11T17:43:54.867125+00:00
824631,Shota Imanaga,home,away,668804,3.0,640.0,0.36,0.35385353681538967,4.39,False,xw+plat_consol_v12,xwOBA,2026-09-11T17:43:54.867125+00:00
824631,Shota Imanaga,home,away,804668,4.0,118.0,0.349,0.3331817304742586,4.29,False,xw+plat_consol_v12,xwOBA,2026-09-11T17:43:54.867125+00:00
824631,Shota Imanaga,home,away,699013,5.0,284.0,0.334,0.3289260865713239,4.18,False,xw+plat_consol_v12,xwOBA,2026-09-11T17:43:54.867125+00:00
824631,Shota Imanaga,home,away,693304,6.0,564.0,0.326,0.3242705078966692,4.08,False,xw+plat_consol_v12,xwOBA,2026-09-11T17:43:54.867125+00:00
824631,Shota Imanaga,home,away,663968,7.0,435.0,0.284,0.2897039574642773,3.97,False,xw+plat_consol_v12,xwOBA,2026-09-11T17:43:54.867125+00:00
824631,Shota Imanaga,home,away,669707,8.0,340.0,0.29,0.2955718573713372,3.87,False,xw+plat_consol_v12,xwOBA,2026-09-11T17:43:54.867125+00:00
824631,Shota Imanaga,home,away,680779,9.0,274.0,0.288,0.295089885677509,3.76,False,xw+plat_consol_v12,xwOBA,2026-09-11T17:43:54.867125+00:00
824227,Mason Adams,away,home,805808,1.0,635.0,0.35,0.3451722683583515,4.61,False,xw+plat_consol_v12,xwOBA,2026-09-11T17:43:54.867125+00:00
824227,Mason Adams,away,home,693307,2.0,563.0,0.34,0.33615628543497494,4.5,False,xw+plat_consol_v12,xwOBA,2026-09-11T17:43:54.867125+00:00
824227,Mason Adams,away,home,679529,3.0,551.0,0.307,0.3081545579775551,4.39,False,xw+plat_consol_v12,xwOBA,2026-09-11T17:43:54.867125+00:00
824227,Mason Adams,away,home,682985,4.0,527.0,0.37,0.3611509046943993,4.29,False,xw+plat_consol_v12,xwOBA,2026-09-11T17:43:54.867125+00:00
824227,Mason Adams,away,home,690993,5.0,405.0,0.335,0.33094379652156114,4.18,False,xw+plat_consol_v12,xwOBA,2026-09-11T17:43:54.867125+00:00
824227,Mason Adams,away,home,656716,6.0,395.0,0.284,0.29016488331997653,4.08,False,xw+plat_consol_v12,xwOBA,2026-09-11T17:43:54.867125+00:00
824227,Mason Adams,away,home,650402,7.0,377.0,0.326,0.3235924889798499,3.97,False,xw+plat_consol_v12,xwOBA,2026-09-11T17:43:54.867125+00:00
824227,Mason Adams,away,home,701678,8.0,297.0,0.299,0.30290835577679687,3.87,False,xw+plat_consol_v12,xwOBA,2026-09-11T17:43:54.867125+00:00
824227,Mason Adams,away,home,595879,9.0,177.0,0.258,0.2784029503371422,3.76,False,xw+plat_consol_v12,xwOBA,2026-09-11T17:43:54.867125+00:00
824227,Framber Valdez,home,away,681198,1.0,578.0,0.334,0.3311262791200419,4.61,False,xw+plat_consol_v12,xwOBA,2026-09-11T17:43:54.867125+00:00
824227,Framber Valdez,home,away,664983,2.0,528.0,0.322,0.3208083077124019,4.5,False,xw+plat_consol_v12,xwOBA,2026-09-11T17:43:54.867125+00:00
824227,Framber Valdez,home,away,696100,3.0,522.0,0.319,0.31827912740094594,4.39,False,xw+plat_consol_v12,xwOBA,2026-09-11T17:43:54.867125+00:00
824227,Framber Valdez,home,away,678662,4.0,465.0,0.277,0.28364003051927145,4.29,False,xw+plat_consol_v12,xwOBA,2026-09-11T17:43:54.867125+00:00
824227,Framber Valdez,home,away,687859,5.0,417.0,0.326,0.3237787567570375,4.18,False,xw+plat_consol_v12,xwOBA,2026-09-11T17:43:54.867125+00:00
824227,Framber Valdez,home,away,691720,6.0,414.0,0.339,0.3342366094229346,4.08,False,xw+plat_consol_v12,xwOBA,2026-09-11T17:43:54.867125+00:00
824227,Framber Valdez,home,away,666160,7.0,397.0,0.28,0.2869449039102382,3.97,False,xw+plat_consol_v12,xwOBA,2026-09-11T17:43:54.867125+00:00
824227,Framber Valdez,home,away,681393,8.0,331.0,0.302,0.30490398432340693,3.87,False,xw+plat_consol_v12,xwOBA,2026-09-11T17:43:54.867125+00:00
824227,Framber Valdez,home,away,694249,9.0,304.0,0.313,0.31337529020640686,3.76,False,xw+plat_consol_v12,xwOBA,2026-09-11T17:43:54.867125+00:00
822684,Yusei Kikuchi,away,home,695734,1.0,603.0,0.327,0.32522420660510437,4.61,False,xw+plat_consol_v12,xwOBA,2026-09-11T17:43:54.867125+00:00
822684,Yusei Kikuchi,away,home,682928,2.0,600.0,0.327,0.3252165960619834,4.5,False,xw+plat_consol_v12,xwOBA,2026-09-11T17:43:54.867125+00:00
822684,Yusei Kikuchi,away,home,695578,3.0,566.0,0.415,0.39991233820328587,4.39,False,xw+plat_consol_v12,xwOBA,2026-09-11T17:43:54.867125+00:00
822684,Yusei Kikuchi,away,home,696285,4.0,435.0,0.316,0.3157226490530624,4.29,False,xw+plat_consol_v12,xwOBA,2026-09-11T17:43:54.867125+00:00
822684,Yusei Kikuchi,away,home,686611,5.0,387.0,0.312,0.31251666785090015,4.18,False,xw+plat_consol_v12,xwOBA,2026-09-11T17:43:54.867125+00:00
822684,Yusei Kikuchi,away,home,660688,6.0,325.0,0.289,0.29500380527856085,4.08,False,xw+plat_consol_v12,xwOBA,2026-09-11T17:43:54.867125+00:00
822684,Yusei Kikuchi,away,home,678391,7.0,324.0,0.3,0.3034236255740292,3.97,False,xw+plat_consol_v12,xwOBA,2026-09-11T17:43:54.867125+00:00
822684,Yusei Kikuchi,away,home,691781,8.0,313.0,0.335,0.3300402354561462,3.87,False,xw+plat_consol_v12,xwOBA,2026-09-11T17:43:54.867125+00:00
822684,Yusei Kikuchi,away,home,677588,9.0,277.0,0.296,0.3009114515739744,3.76,False,xw+plat_consol_v12,xwOBA,2026-09-11T17:43:54.867125+00:00
822684,Cade Cavalli,home,away,687263,1.0,630.0,0.311,0.3114816674566964,4.61,False,xw+plat_consol_v12,xwOBA,2026-09-11T17:43:54.867125+00:00
822684,Cade Cavalli,home,away,545361,2.0,566.0,0.375,0.36591834420929187,4.5,False,xw+plat_consol_v12,xwOBA,2026-09-11T17:43:54.867125+00:00
822684,Cade Cavalli,home,away,687093,3.0,405.0,0.312,0.31249825196710573,4.39,False,xw+plat_consol_v12,xwOBA,2026-09-11T17:43:54.867125+00:00
822684,Cade Cavalli,home,away,672724,4.0,351.0,0.272,0.2814270892314598,4.29,False,xw+plat_consol_v12,xwOBA,2026-09-11T17:43:54.867125+00:00
822684,Cade Cavalli,home,away,666139,5.0,301.0,0.292,0.2976150055944847,4.18,False,xw+plat_consol_v12,xwOBA,2026-09-11T17:43:54.867125+00:00
822684,Cade Cavalli,home,away,694208,6.0,299.0,0.291,0.2968937775523518,4.08,False,xw+plat_consol_v12,xwOBA,2026-09-11T17:43:54.867125+00:00
822684,Cade Cavalli,home,away,685133,7.0,273.0,0.315,0.31487028751578655,3.97,False,xw+plat_consol_v12,xwOBA,2026-09-11T17:43:54.867125+00:00
822684,Cade Cavalli,home,away,694203,8.0,241.0,0.27,0.28305459602166677,3.87,False,xw+plat_consol_v12,xwOBA,2026-09-11T17:43:54.867125+00:00
822684,Cade Cavalli,home,away,642350,9.0,206.0,0.306,0.3087830628868901,3.76,False,xw+plat_consol_v12,xwOBA,2026-09-11T17:43:54.867125+00:00
823498,Nolan McLean,away,home,700250,1.0,604.0,0.373,0.364692638129813,4.61,False,xw+plat_consol_v12,xwOBA,2026-09-11T17:43:54.867125+00:00
823498,Nolan McLean,away,home,641355,2.0,506.0,0.339,0.33495976442803366,4.5,False,xw+plat_consol_v12,xwOBA,2026-09-11T17:43:54.867125+00:00
823498,Nolan McLean,away,home,671277,3.0,499.0,0.351,0.3449092107569088,4.39,False,xw+plat_consol_v12,xwOBA,2026-09-11T17:43:54.867125+00:00
823498,Nolan McLean,away,home,676609,4.0,422.0,0.281,0.2874207226884835,4.29,False,xw+plat_consol_v12,xwOBA,2026-09-11T17:43:54.867125+00:00
823498,Nolan McLean,away,home,671218,5.0,391.0,0.329,0.32605013695191115,4.18,False,xw+plat_consol_v12,xwOBA,2026-09-11T17:43:54.867125+00:00
823498,Nolan McLean,away,home,502671,6.0,359.0,0.314,0.3141124558679485,4.08,False,xw+plat_consol_v12,xwOBA,2026-09-11T17:43:54.867125+00:00
823498,Nolan McLean,away,home,669224,7.0,351.0,0.293,0.29777076994099416,3.97,False,xw+plat_consol_v12,xwOBA,2026-09-11T17:43:54.867125+00:00
823498,Nolan McLean,away,home,641857,8.0,330.0,0.302,0.3049107377753218,3.87,False,xw+plat_consol_v12,xwOBA,2026-09-11T17:43:54.867125+00:00
823498,Nolan McLean,away,home,592450,9.0,268.0,0.407,0.38186852511790315,3.76,False,xw+plat_consol_v12,xwOBA,2026-09-11T17:43:54.867125+00:00
823498,Carlos Rodón,home,away,666182,1.0,622.0,0.328,0.3261324338551086,4.61,False,xw+plat_consol_v12,xwOBA,2026-09-11T17:43:54.867125+00:00
823498,Carlos Rodón,home,away,701807,2.0,582.0,0.334,0.3311431337879595,4.5,False,xw+plat_consol_v12,xwOBA,2026-09-11T17:43:54.867125+00:00
823498,Carlos Rodón,home,away,543760,3.0,492.0,0.306,0.30743854264085874,4.39,False,xw+plat_consol_v12,xwOBA,2026-09-11T17:43:54.867125+00:00
823498,Carlos Rodón,home,away,683146,4.0,432.0,0.313,0.3132849948183992,4.29,False,xw+plat_consol_v12,xwOBA,2026-09-11T17:43:54.867125+00:00
823498,Carlos Rodón,home,away,805999,5.0,430.0,0.322,0.3205879570629969,4.18,False,xw+plat_consol_v12,xwOBA,2026-09-11T17:43:54.867125+00:00
823498,Carlos Rodón,home,away,665742,6.0,407.0,0.416,0.39598346596329065,4.08,False,xw+plat_consol_v12,xwOBA,2026-09-11T17:43:54.867125+00:00
823498,Carlos Rodón,home,away,596019,7.0,392.0,0.335,0.330836620413391,3.97,False,xw+plat_consol_v12,xwOBA,2026-09-11T17:43:54.867125+00:00
823498,Carlos Rodón,home,away,682626,8.0,376.0,0.324,0.3220075992508159,3.87,False,xw+plat_consol_v12,xwOBA,2026-09-11T17:43:54.867125+00:00
823498,Carlos Rodón,home,away,676724,9.0,317.0,0.313,0.31336359051172274,3.76,False,xw+plat_consol_v12,xwOBA,2026-09-11T17:43:54.867125+00:00
822767,Chris Bassitt,away,home,672960,1.0,576.0,0.322,0.320892924916255,4.61,False,xw+plat_consol_v12,xwOBA,2026-09-11T17:43:54.867125+00:00
822767,Chris Bassitt,away,home,676391,2.0,570.0,0.263,0.27068898096028116,4.5,False,xw+plat_consol_v12,xwOBA,2026-09-11T17:43:54.867125+00:00
822767,Chris Bassitt,away,home,665489,3.0,558.0,0.333,0.330190907664724,4.39,False,xw+plat_consol_v12,xwOBA,2026-09-11T17:43:54.867125+00:00
822767,Chris Bassitt,away,home,665926,4.0,466.0,0.274,0.28115833435227633,4.29,False,xw+plat_consol_v12,xwOBA,2026-09-11T17:43:54.867125+00:00
822767,Chris Bassitt,away,home,543807,5.0,465.0,0.305,0.30668427830688205,4.18,False,xw+plat_consol_v12,xwOBA,2026-09-11T17:43:54.867125+00:00
822767,Chris Bassitt,away,home,664770,6.0,400.0,0.288,0.2933032344867767,4.08,False,xw+plat_consol_v12,xwOBA,2026-09-11T17:43:54.867125+00:00
822767,Chris Bassitt,away,home,660821,7.0,299.0,0.322,0.32012435399345457,3.97,False,xw+plat_consol_v12,xwOBA,2026-09-11T17:43:54.867125+00:00
822767,Chris Bassitt,away,home,664702,8.0,295.0,0.296,0.3006876385908566,3.87,False,xw+plat_consol_v12,xwOBA,2026-09-11T17:43:54.867125+00:00
822767,Chris Bassitt,away,home,672386,9.0,269.0,0.303,0.3061209139387218,3.76,False,xw+plat_consol_v12,xwOBA,2026-09-11T17:43:54.867125+00:00
822767,Max Scherzer,home,away,683002,1.0,647.0,0.314,0.31406909938873945,4.61,False,xw+plat_consol_v12,xwOBA,2026-09-11T17:43:54.867125+00:00
822767,Max Scherzer,home,away,624413,2.0,637.0,0.394,0.38321522014028275,4.5,False,xw+plat_consol_v12,xwOBA,2026-09-11T17:43:54.867125+00:00
822767,Max Scherzer,home,away,665750,3.0,452.0,0.273,0.2805210457307761,4.39,False,xw+plat_consol_v12,xwOBA,2026-09-11T17:43:54.867125+00:00
822767,Max Scherzer,home,away,691723,4.0,393.0,0.326,0.3236706232117411,4.29,False,xw+plat_consol_v12,xwOBA,2026-09-11T17:43:54.867125+00:00
822767,Max Scherzer,home,away,694212,5.0,371.0,0.32,0.3188357053999753,4.18,False,xw+plat_consol_v12,xwOBA,2026-09-11T17:43:54.867125+00:00
822767,Max Scherzer,home,away,681297,6.0,351.0,0.317,0.316449262180462,4.08,False,xw+plat_consol_v12,xwOBA,2026-09-11T17:43:54.867125+00:00
822767,Max Scherzer,home,away,702616,7.0,337.0,0.303,0.3056352797331542,3.97,False,xw+plat_consol_v12,xwOBA,2026-09-11T17:43:54.867125+00:00
822767,Max Scherzer,home,away,687637,8.0,304.0,0.298,0.30208816149353557,3.87,False,xw+plat_consol_v12,xwOBA,2026-09-11T17:43:54.867125+00:00
822767,Max Scherzer,home,away,665966,9.0,270.0,0.262,0.27619356011726587,3.76,False,xw+plat_consol_v12,xwOBA,2026-09-11T17:43:54.867125+00:00
824711,Seth Lugo,away,home,677800,1.0,624.0,0.35,0.34509891884445903,4.61,False,xw+plat_consol_v12,xwOBA,2026-09-11T17:43:54.867125+00:00
824711,Seth Lugo,away,home,680776,2.0,569.0,0.301,0.3030203546238989,4.5,False,xw+plat_consol_v12,xwOBA,2026-09-11T17:43:54.867125+00:00
824711,Seth Lugo,away,home,702332,3.0,531.0,0.29,0.2938852888167803,4.39,False,xw+plat_consol_v12,xwOBA,2026-09-11T17:43:54.867125+00:00
824711,Seth Lugo,away,home,668939,4.0,359.0,0.337,0.33210156262176116,4.29,False,xw+plat_consol_v12,xwOBA,2026-09-11T17:43:54.867125+00:00
824711,Seth Lugo,away,home,655316,5.0,327.0,0.294,0.29880472422339194,4.18,False,xw+plat_consol_v12,xwOBA,2026-09-11T17:43:54.867125+00:00
824711,Seth Lugo,away,home,657136,6.0,229.0,0.284,0.2932754323507245,4.08,False,xw+plat_consol_v12,xwOBA,2026-09-11T17:43:54.867125+00:00
824711,Seth Lugo,away,home,686765,7.0,217.0,0.318,0.31690100076778666,3.97,False,xw+plat_consol_v12,xwOBA,2026-09-11T17:43:54.867125+00:00
824711,Seth Lugo,away,home,596115,8.0,217.0,0.245,0.2669293919349791,3.87,False,xw+plat_consol_v12,xwOBA,2026-09-11T17:43:54.867125+00:00
824711,Seth Lugo,away,home,642201,9.0,204.0,0.269,0.2839724251427249,3.76,False,xw+plat_consol_v12,xwOBA,2026-09-11T17:43:54.867125+00:00
824711,Sonny Gray,home,away,521692,1.0,574.0,0.31,0.3106700552572528,4.61,False,xw+plat_consol_v12,xwOBA,2026-09-11T17:43:54.867125+00:00
824711,Sonny Gray,home,away,677951,2.0,567.0,0.385,0.3744327095103274,4.5,False,xw+plat_consol_v12,xwOBA,2026-09-11T17:43:54.867125+00:00
824711,Sonny Gray,home,away,695600,3.0,547.0,0.311,0.31154345787231585,4.39,False,xw+plat_consol_v12,xwOBA,2026-09-11T17:43:54.867125+00:00
824711,Sonny Gray,home,away,695506,4.0,510.0,0.357,0.35003543810391535,4.29,False,xw+plat_consol_v12,xwOBA,2026-09-11T17:43:54.867125+00:00
824711,Sonny Gray,home,away,686555,5.0,479.0,0.296,0.29919795724246695,4.18,False,xw+plat_consol_v12,xwOBA,2026-09-11T17:43:54.867125+00:00
824711,Sonny Gray,home,away,686469,6.0,428.0,0.33,0.32706745690035677,4.08,False,xw+plat_consol_v12,xwOBA,2026-09-11T17:43:54.867125+00:00
824711,Sonny Gray,home,away,686681,7.0,395.0,0.307,0.3085184186735119,3.97,False,xw+plat_consol_v12,xwOBA,2026-09-11T17:43:54.867125+00:00
824711,Sonny Gray,home,away,679845,8.0,389.0,0.294,0.2981955362850478,3.87,False,xw+plat_consol_v12,xwOBA,2026-09-11T17:43:54.867125+00:00
824711,Sonny Gray,home,away,664728,9.0,288.0,0.261,0.27479282794687726,3.76,False,xw+plat_consol_v12,xwOBA,2026-09-11T17:43:54.867125+00:00
822930,Miguel Ullola,away,home,691406,1.0,639.0,0.363,0.356439265552623,4.61,False,xw+plat_consol_v12,xwOBA,2026-09-11T17:43:54.867125+00:00
822930,Miguel Ullola,away,home,650490,2.0,629.0,0.355,0.3494466628853064,4.5,False,xw+plat_consol_v12,xwOBA,2026-09-11T17:43:54.867125+00:00
822930,Miguel Ullola,away,home,666018,3.0,617.0,0.348,0.34333001010235475,4.39,False,xw+plat_consol_v12,xwOBA,2026-09-11T17:43:54.867125+00:00
822930,Miguel Ullola,away,home,802415,4.0,561.0,0.264,0.27164238614733494,4.29,False,xw+plat_consol_v12,xwOBA,2026-09-11T17:43:54.867125+00:00
822930,Miguel Ullola,away,home,689414,5.0,512.0,0.318,0.3174307471297196,4.18,False,xw+plat_consol_v12,xwOBA,2026-09-11T17:43:54.867125+00:00
822930,Miguel Ullola,away,home,656775,6.0,472.0,0.267,0.2753070231527769,4.08,False,xw+plat_consol_v12,xwOBA,2026-09-11T17:43:54.867125+00:00
822930,Miguel Ullola,away,home,680700,7.0,360.0,0.305,0.3070687331378008,3.97,False,xw+plat_consol_v12,xwOBA,2026-09-11T17:43:54.867125+00:00
822930,Miguel Ullola,away,home,676356,8.0,319.0,0.266,0.27757903876703666,3.87,False,xw+plat_consol_v12,xwOBA,2026-09-11T17:43:54.867125+00:00
822930,Miguel Ullola,away,home,663743,9.0,297.0,0.275,0.2849536958271748,3.76,False,xw+plat_consol_v12,xwOBA,2026-09-11T17:43:54.867125+00:00
822930,Drew Rasmussen,home,away,670541,1.0,636.0,0.443,0.42554295821112553,4.61,False,xw+plat_consol_v12,xwOBA,2026-09-11T17:43:54.867125+00:00
822930,Drew Rasmussen,home,away,670623,2.0,595.0,0.322,0.32092319027825666,4.5,False,xw+plat_consol_v12,xwOBA,2026-09-11T17:43:54.867125+00:00
822930,Drew Rasmussen,home,away,572233,3.0,579.0,0.303,0.30469604895933483,4.39,False,xw+plat_consol_v12,xwOBA,2026-09-11T17:43:54.867125+00:00
822930,Drew Rasmussen,home,away,701358,4.0,513.0,0.325,0.323289750804875,4.29,False,xw+plat_consol_v12,xwOBA,2026-09-11T17:43:54.867125+00:00
822930,Drew Rasmussen,home,away,514888,5.0,509.0,0.274,0.28065290187748504,4.18,False,xw+plat_consol_v12,xwOBA,2026-09-11T17:43:54.867125+00:00
822930,Drew Rasmussen,home,away,662139,6.0,498.0,0.29,0.29409969438693706,4.08,False,xw+plat_consol_v12,xwOBA,2026-09-11T17:43:54.867125+00:00
822930,Drew Rasmussen,home,away,665161,7.0,420.0,0.323,0.3213684946988238,3.97,False,xw+plat_consol_v12,xwOBA,2026-09-11T17:43:54.867125+00:00
822930,Drew Rasmussen,home,away,673237,8.0,301.0,0.302,0.3051212400084498,3.87,False,xw+plat_consol_v12,xwOBA,2026-09-11T17:43:54.867125+00:00
822930,Drew Rasmussen,home,away,543877,9.0,257.0,0.237,0.25871321356691424,3.76,False,xw+plat_consol_v12,xwOBA,2026-09-11T17:43:54.867125+00:00
823817,Ryan Gusto,home,away,518692,1.0,600.0,0.369,0.3612165960619834,4.61,False,xw+plat_consol_v12,xwOBA,2026-09-11T17:43:54.867125+00:00
823817,Ryan Gusto,home,away,660271,2.0,596.0,0.399,0.38686151902785687,4.5,False,xw+plat_consol_v12,xwOBA,2026-09-11T17:43:54.867125+00:00
823817,Ryan Gusto,home,away,663656,3.0,563.0,0.326,0.3242678993112947,4.39,False,xw+plat_consol_v12,xwOBA,2026-09-11T17:43:54.867125+00:00
823817,Ryan Gusto,home,away,571970,4.0,503.0,0.349,0.3432812889608431,4.29,False,xw+plat_consol_v12,xwOBA,2026-09-11T17:43:54.867125+00:00
823817,Ryan Gusto,home,away,605141,5.0,461.0,0.332,0.32888345319677076,4.18,False,xw+plat_consol_v12,xwOBA,2026-09-11T17:43:54.867125+00:00
823817,Ryan Gusto,home,away,606192,6.0,429.0,0.333,0.32950589270961883,4.08,False,xw+plat_consol_v12,xwOBA,2026-09-11T17:43:54.867125+00:00
823817,Ryan Gusto,home,away,669242,7.0,272.0,0.313,0.31340757323491497,3.97,False,xw+plat_consol_v12,xwOBA,2026-09-11T17:43:54.867125+00:00
823817,Ryan Gusto,home,away,690976,8.0,245.0,0.287,0.2949757021547489,3.87,False,xw+plat_consol_v12,xwOBA,2026-09-11T17:43:54.867125+00:00
823817,Ryan Gusto,home,away,669257,9.0,230.0,0.382,0.36155035528299506,3.76,False,xw+plat_consol_v12,xwOBA,2026-09-11T17:43:54.867125+00:00
824873,Aaron Nola,away,home,621566,1.0,635.0,0.354,0.34862805067127667,4.61,False,xw+plat_consol_v12,xwOBA,2026-09-11T17:43:54.867125+00:00
824873,Aaron Nola,away,home,645277,2.0,622.0,0.284,0.2882266166805933,4.5,False,xw+plat_consol_v12,xwOBA,2026-09-11T17:43:54.867125+00:00
824873,Aaron Nola,away,home,663586,3.0,573.0,0.296,0.2987512886231625,4.39,False,xw+plat_consol_v12,xwOBA,2026-09-11T17:43:54.867125+00:00
824873,Aaron Nola,away,home,671739,4.0,560.0,0.339,0.335290329156649,4.29,False,xw+plat_consol_v12,xwOBA,2026-09-11T17:43:54.867125+00:00
824873,Aaron Nola,away,home,643289,5.0,558.0,0.304,0.3055982024975507,4.18,False,xw+plat_consol_v12,xwOBA,2026-09-11T17:43:54.867125+00:00
824873,Aaron Nola,away,home,686948,6.0,548.0,0.365,0.35720928586942646,4.08,False,xw+plat_consol_v12,xwOBA,2026-09-11T17:43:54.867125+00:00
824873,Aaron Nola,away,home,660670,7.0,412.0,0.361,0.3519211274284929,3.97,False,xw+plat_consol_v12,xwOBA,2026-09-11T17:43:54.867125+00:00
824873,Aaron Nola,away,home,573262,8.0,363.0,0.307,0.30862336337664875,3.87,False,xw+plat_consol_v12,xwOBA,2026-09-11T17:43:54.867125+00:00
824873,Aaron Nola,away,home,642086,9.0,292.0,0.298,0.3022133092943581,3.76,False,xw+plat_consol_v12,xwOBA,2026-09-11T17:43:54.867125+00:00
824873,Chris Sale,home,away,656941,1.0,632.0,0.368,0.3606934661794923,4.61,False,xw+plat_consol_v12,xwOBA,2026-09-11T17:43:54.867125+00:00
824873,Chris Sale,home,away,607208,2.0,632.0,0.293,0.29593936781883656,4.5,False,xw+plat_consol_v12,xwOBA,2026-09-11T17:43:54.867125+00:00
824873,Chris Sale,home,away,547180,3.0,626.0,0.389,0.3787405196189923,4.39,False,xw+plat_consol_v12,xwOBA,2026-09-11T17:43:54.867125+00:00
824873,Chris Sale,home,away,650333,4.0,603.0,0.307,0.30806915681847563,4.29,False,xw+plat_consol_v12,xwOBA,2026-09-11T17:43:54.867125+00:00
824873,Chris Sale,home,away,664761,5.0,565.0,0.322,0.32087461239607273,4.18,False,xw+plat_consol_v12,xwOBA,2026-09-11T17:43:54.867125+00:00
824873,Chris Sale,home,away,681082,6.0,548.0,0.328,0.32591916241263635,4.08,False,xw+plat_consol_v12,xwOBA,2026-09-11T17:43:54.867125+00:00
824873,Chris Sale,home,away,669016,7.0,530.0,0.305,0.30651050356093396,3.97,False,xw+plat_consol_v12,xwOBA,2026-09-11T17:43:54.867125+00:00
824873,Chris Sale,home,away,702222,8.0,423.0,0.28,0.2865996505609721,3.87,False,xw+plat_consol_v12,xwOBA,2026-09-11T17:43:54.867125+00:00
824873,Chris Sale,home,away,592663,9.0,414.0,0.319,0.31812766000659215,3.76,False,xw+plat_consol_v12,xwOBA,2026-09-11T17:43:54.867125+00:00
823736,Andrew Abbott,away,home,668930,1.0,617.0,0.338,0.3347247102418248,4.61,False,xw+plat_consol_v12,xwOBA,2026-09-11T17:43:54.867125+00:00
823736,Andrew Abbott,away,home,661388,2.0,586.0,0.333,0.33030556449473525,4.5,False,xw+plat_consol_v12,xwOBA,2026-09-11T17:43:54.867125+00:00
823736,Andrew Abbott,away,home,641343,3.0,522.0,0.376,0.36611514026268227,4.39,False,xw+plat_consol_v12,xwOBA,2026-09-11T17:43:54.867125+00:00
823736,Andrew Abbott,away,home,694192,4.0,509.0,0.339,0.3349796670663192,4.29,False,xw+plat_consol_v12,xwOBA,2026-09-11T17:43:54.867125+00:00
823736,Andrew Abbott,away,home,669003,5.0,475.0,0.35,0.3438288995537189,4.18,False,xw+plat_consol_v12,xwOBA,2026-09-11T17:43:54.867125+00:00
823736,Andrew Abbott,away,home,592885,6.0,451.0,0.314,0.3140936792076014,4.08,False,xw+plat_consol_v12,xwOBA,2026-09-11T17:43:54.867125+00:00
823736,Andrew Abbott,away,home,687401,7.0,370.0,0.296,0.2999396111561455,3.97,False,xw+plat_consol_v12,xwOBA,2026-09-11T17:43:54.867125+00:00
823736,Andrew Abbott,away,home,666152,8.0,354.0,0.276,0.28448373842156033,3.87,False,xw+plat_consol_v12,xwOBA,2026-09-11T17:43:54.867125+00:00
823736,Andrew Abbott,away,home,686217,9.0,354.0,0.284,0.2907216238841154,3.76,False,xw+plat_consol_v12,xwOBA,2026-09-11T17:43:54.867125+00:00
823736,Dustin May,home,away,701398,1.0,632.0,0.351,0.346015870551077,4.61,False,xw+plat_consol_v12,xwOBA,2026-09-11T17:43:54.867125+00:00
823736,Dustin May,home,away,682829,2.0,567.0,0.374,0.3650818849226212,4.5,False,xw+plat_consol_v12,xwOBA,2026-09-11T17:43:54.867125+00:00
823736,Dustin May,home,away,668709,3.0,490.0,0.342,0.33734172414133623,4.39,False,xw+plat_consol_v12,xwOBA,2026-09-11T17:43:54.867125+00:00
823736,Dustin May,home,away,680574,4.0,455.0,0.304,0.305894805843943,4.29,False,xw+plat_consol_v12,xwOBA,2026-09-11T17:43:54.867125+00:00
823736,Dustin May,home,away,553993,5.0,447.0,0.29,0.2944819328032694,4.18,False,xw+plat_consol_v12,xwOBA,2026-09-11T17:43:54.867125+00:00
823736,Dustin May,home,away,663886,6.0,421.0,0.334,0.33026030181072624,4.08,False,xw+plat_consol_v12,xwOBA,2026-09-11T17:43:54.867125+00:00
823736,Dustin May,home,away,667472,7.0,297.0,0.312,0.31263379658284224,3.97,False,xw+plat_consol_v12,xwOBA,2026-09-11T17:43:54.867125+00:00
823736,Dustin May,home,away,670770,8.0,266.0,0.245,0.2639934897360338,3.87,False,xw+plat_consol_v12,xwOBA,2026-09-11T17:43:54.867125+00:00
823736,Dustin May,home,away,663647,9.0,217.0,0.304,0.3073174045532756,3.76,False,xw+plat_consol_v12,xwOBA,2026-09-11T17:43:54.867125+00:00
823659,Parker Messick,away,home,605137,1.0,571.0,0.335,0.3319472686190587,4.61,False,xw+plat_consol_v12,xwOBA,2026-09-11T17:43:54.867125+00:00
823659,Parker Messick,away,home,686797,2.0,564.0,0.276,0.281800628378597,4.5,False,xw+plat_consol_v12,xwOBA,2026-09-11T17:43:54.867125+00:00
823659,Parker Messick,away,home,807712,3.0,553.0,0.316,0.315772767600901,4.39,False,xw+plat_consol_v12,xwOBA,2026-09-11T17:43:54.867125+00:00
823659,Parker Messick,away,home,665019,4.0,522.0,0.339,0.33506369331734465,4.29,False,xw+plat_consol_v12,xwOBA,2026-09-11T17:43:54.867125+00:00
823659,Parker Messick,away,home,668904,5.0,452.0,0.312,0.31245582833947166,4.18,False,xw+plat_consol_v12,xwOBA,2026-09-11T17:43:54.867125+00:00
823659,Parker Messick,away,home,663616,6.0,428.0,0.325,0.32301442659732643,4.08,False,xw+plat_consol_v12,xwOBA,2026-09-11T17:43:54.867125+00:00
823659,Parker Messick,away,home,605170,7.0,348.0,0.317,0.3164455742039919,3.97,False,xw+plat_consol_v12,xwOBA,2026-09-11T17:43:54.867125+00:00
823659,Parker Messick,away,home,668885,8.0,335.0,0.311,0.31180831550204224,3.87,False,xw+plat_consol_v12,xwOBA,2026-09-11T17:43:54.867125+00:00
823659,Parker Messick,away,home,680777,9.0,326.0,0.363,0.35161881982016047,3.76,False,xw+plat_consol_v12,xwOBA,2026-09-11T17:43:54.867125+00:00
823659,Taj Bradley,home,away,666176,1.0,595.0,0.325,0.32349153560199767,4.61,False,xw+plat_consol_v12,xwOBA,2026-09-11T17:43:54.867125+00:00
823659,Taj Bradley,home,away,680757,2.0,573.0,0.321,0.3200365783705622,4.5,False,xw+plat_consol_v12,xwOBA,2026-09-11T17:43:54.867125+00:00
823659,Taj Bradley,home,away,677587,3.0,542.0,0.292,0.29550719196789466,4.39,False,xw+plat_consol_v12,xwOBA,2026-09-11T17:43:54.867125+00:00
823659,Taj Bradley,home,away,800050,4.0,504.0,0.345,0.33995300868110656,4.29,False,xw+plat_consol_v12,xwOBA,2026-09-11T17:43:54.867125+00:00
823659,Taj Bradley,home,away,608070,5.0,485.0,0.331,0.3281822516980998,4.18,False,xw+plat_consol_v12,xwOBA,2026-09-11T17:43:54.867125+00:00
823659,Taj Bradley,home,away,683953,6.0,458.0,0.303,0.3050638301852838,4.08,False,xw+plat_consol_v12,xwOBA,2026-09-11T17:43:54.867125+00:00
823659,Taj Bradley,home,away,663993,7.0,393.0,0.338,0.3332365461326336,3.97,False,xw+plat_consol_v12,xwOBA,2026-09-11T17:43:54.867125+00:00
823659,Taj Bradley,home,away,682657,8.0,369.0,0.299,0.3023083523313185,3.87,False,xw+plat_consol_v12,xwOBA,2026-09-11T17:43:54.867125+00:00
823659,Taj Bradley,home,away,672275,9.0,311.0,0.309,0.31034213441213715,3.76,False,xw+plat_consol_v12,xwOBA,2026-09-11T17:43:54.867125+00:00
823012,Anthony Kay,away,home,671056,1.0,656.0,0.332,0.3296873243960164,4.61,False,xw+plat_consol_v12,xwOBA,2026-09-11T17:43:54.867125+00:00
823012,Anthony Kay,away,home,676475,2.0,618.0,0.377,0.368297517052073,4.5,False,xw+plat_consol_v12,xwOBA,2026-09-11T17:43:54.867125+00:00
823012,Anthony Kay,away,home,691023,3.0,611.0,0.345,0.3407125418331763,4.39,False,xw+plat_consol_v12,xwOBA,2026-09-11T17:43:54.867125+00:00
823012,Anthony Kay,away,home,691026,4.0,494.0,0.299,0.30161215024139454,4.29,False,xw+plat_consol_v12,xwOBA,2026-09-11T17:43:54.867125+00:00
823012,Anthony Kay,away,home,701675,5.0,418.0,0.282,0.2882772533656146,4.18,False,xw+plat_consol_v12,xwOBA,2026-09-11T17:43:54.867125+00:00
823012,Anthony Kay,away,home,665877,6.0,334.0,0.289,0.29487930240412064,4.08,False,xw+plat_consol_v12,xwOBA,2026-09-11T17:43:54.867125+00:00
823012,Anthony Kay,away,home,669357,7.0,276.0,0.279,0.2884457905409265,3.97,False,xw+plat_consol_v12,xwOBA,2026-09-11T17:43:54.867125+00:00
823012,Anthony Kay,away,home,686780,8.0,198.0,0.268,0.28360945383687375,3.87,False,xw+plat_consol_v12,xwOBA,2026-09-11T17:43:54.867125+00:00
823012,Anthony Kay,away,home,687363,9.0,186.0,0.275,0.28881684350835096,3.76,False,xw+plat_consol_v12,xwOBA,2026-09-11T17:43:54.867125+00:00
823012,Matthew Liberatore,home,away,678246,1.0,634.0,0.381,0.3719422578247798,4.61,False,xw+plat_consol_v12,xwOBA,2026-09-11T17:43:54.867125+00:00
823012,Matthew Liberatore,home,away,805367,2.0,586.0,0.292,0.2952822408795749,4.5,False,xw+plat_consol_v12,xwOBA,2026-09-11T17:43:54.867125+00:00
823012,Matthew Liberatore,home,away,695657,3.0,582.0,0.303,0.30468858833341406,4.39,False,xw+plat_consol_v12,xwOBA,2026-09-11T17:43:54.867125+00:00
823012,Matthew Liberatore,home,away,803011,4.0,505.0,0.337,0.33328366486510475,4.29,False,xw+plat_consol_v12,xwOBA,2026-09-11T17:43:54.867125+00:00
823012,Matthew Liberatore,home,away,808959,5.0,486.0,0.344,0.3389686301081713,4.18,False,xw+plat_consol_v12,xwOBA,2026-09-11T17:43:54.867125+00:00
823012,Matthew Liberatore,home,away,671976,6.0,445.0,0.317,0.31654425182273094,4.08,False,xw+plat_consol_v12,xwOBA,2026-09-11T17:43:54.867125+00:00
823012,Matthew Liberatore,home,away,643217,7.0,435.0,0.312,0.31247031260446423,3.97,False,xw+plat_consol_v12,xwOBA,2026-09-11T17:43:54.867125+00:00
823012,Matthew Liberatore,home,away,695731,8.0,317.0,0.33,0.32628685190261003,3.87,False,xw+plat_consol_v12,xwOBA,2026-09-11T17:43:54.867125+00:00
823012,Matthew Liberatore,home,away,545341,9.0,230.0,0.334,0.3280958098284496,3.76,False,xw+plat_consol_v12,xwOBA,2026-09-11T17:43:54.867125+00:00
824954,George Kirby,away,home,671732,1.0,474.0,0.315,0.314915709483255,4.61,False,xw+plat_consol_v12,xwOBA,2026-09-11T17:43:54.867125+00:00
824954,George Kirby,away,home,643446,2.0,464.0,0.306,0.3075099596513978,4.5,False,xw+plat_consol_v12,xwOBA,2026-09-11T17:43:54.867125+00:00
824954,George Kirby,away,home,703607,3.0,407.0,0.318,0.3173128545234485,4.39,False,xw+plat_consol_v12,xwOBA,2026-09-11T17:43:54.867125+00:00
824954,George Kirby,away,home,680869,4.0,373.0,0.308,0.30937762630737503,4.29,False,xw+plat_consol_v12,xwOBA,2026-09-11T17:43:54.867125+00:00
824954,George Kirby,away,home,641680,5.0,352.0,0.29,0.2954239319543991,4.18,False,xw+plat_consol_v12,xwOBA,2026-09-11T17:43:54.867125+00:00
824954,George Kirby,away,home,666126,6.0,344.0,0.305,0.3071432820797036,4.08,False,xw+plat_consol_v12,xwOBA,2026-09-11T17:43:54.867125+00:00
824954,George Kirby,away,home,691777,7.0,273.0,0.293,0.2987684108401833,3.97,False,xw+plat_consol_v12,xwOBA,2026-09-11T17:43:54.867125+00:00
824954,George Kirby,away,home,622268,8.0,221.0,0.339,0.3313726393875027,3.87,False,xw+plat_consol_v12,xwOBA,2026-09-11T17:43:54.867125+00:00
824954,George Kirby,away,home,675961,9.0,200.0,0.239,0.26417205747796124,3.76,False,xw+plat_consol_v12,xwOBA,2026-09-11T17:43:54.867125+00:00
824954,Jeffrey Springs,home,away,668227,1.0,602.0,0.347,0.34237267413588085,4.61,False,xw+plat_consol_v12,xwOBA,2026-09-11T17:43:54.867125+00:00
824954,Jeffrey Springs,home,away,621493,2.0,595.0,0.335,0.33205268668113436,4.5,False,xw+plat_consol_v12,xwOBA,2026-09-11T17:43:54.867125+00:00
824954,Jeffrey Springs,home,away,677594,3.0,590.0,0.335,0.33203132933824403,4.39,False,xw+plat_consol_v12,xwOBA,2026-09-11T17:43:54.867125+00:00
824954,Jeffrey Springs,home,away,647304,4.0,584.0,0.312,0.31236786146694207,4.29,False,xw+plat_consol_v12,xwOBA,2026-09-11T17:43:54.867125+00:00
824954,Jeffrey Springs,home,away,702284,5.0,583.0,0.315,0.31492916141052474,4.18,False,xw+plat_consol_v12,xwOBA,2026-09-11T17:43:54.867125+00:00
824954,Jeffrey Springs,home,away,663728,6.0,466.0,0.312,0.3124445534335483,4.08,False,xw+plat_consol_v12,xwOBA,2026-09-11T17:43:54.867125+00:00
824954,Jeffrey Springs,home,away,686527,7.0,465.0,0.349,0.34289666768741306,3.97,False,xw+plat_consol_v12,xwOBA,2026-09-11T17:43:54.867125+00:00
824954,Jeffrey Springs,home,away,641487,8.0,423.0,0.323,0.32137785323783624,3.87,False,xw+plat_consol_v12,xwOBA,2026-09-11T17:43:54.867125+00:00
824954,Jeffrey Springs,home,away,642215,9.0,151.0,0.253,0.277508435232623,3.76,False,xw+plat_consol_v12,xwOBA,2026-09-11T17:43:54.867125+00:00
825036,MacKenzie Gore,away,home,672695,1.0,612.0,0.326,0.3243871028699275,4.61,False,xw+plat_consol_v12,xwOBA,2026-09-11T17:43:54.867125+00:00
825036,MacKenzie Gore,away,home,682998,2.0,608.0,0.343,0.3389768605132604,4.5,False,xw+plat_consol_v12,xwOBA,2026-09-11T17:43:54.867125+00:00
825036,MacKenzie Gore,away,home,606466,3.0,556.0,0.348,0.34289575799297006,4.39,False,xw+plat_consol_v12,xwOBA,2026-09-11T17:43:54.867125+00:00
825036,MacKenzie Gore,away,home,571448,4.0,537.0,0.291,0.2946917068185061,4.29,False,xw+plat_consol_v12,xwOBA,2026-09-11T17:43:54.867125+00:00
825036,MacKenzie Gore,away,home,672515,5.0,485.0,0.363,0.3547121662280143,4.18,False,xw+plat_consol_v12,xwOBA,2026-09-11T17:43:54.867125+00:00
825036,MacKenzie Gore,away,home,545121,6.0,461.0,0.299,0.3017658061379472,4.08,False,xw+plat_consol_v12,xwOBA,2026-09-11T17:43:54.867125+00:00
825036,MacKenzie Gore,away,home,694374,7.0,299.0,0.306,0.3081343790561112,3.97,False,xw+plat_consol_v12,xwOBA,2026-09-11T17:43:54.867125+00:00
825036,MacKenzie Gore,away,home,663457,8.0,278.0,0.346,0.337670945088329,3.87,False,xw+plat_consol_v12,xwOBA,2026-09-11T17:43:54.867125+00:00
825036,MacKenzie Gore,away,home,814439,9.0,272.0,0.302,0.30536456248222676,3.76,False,xw+plat_consol_v12,xwOBA,2026-09-11T17:43:54.867125+00:00
823173,Robbie Ray,away,home,646240,1.0,624.0,0.341,0.337342012767111,4.61,False,xw+plat_consol_v12,xwOBA,2026-09-11T17:43:54.867125+00:00
823173,Robbie Ray,away,home,808982,2.0,543.0,0.316,0.315769233660013,4.5,False,xw+plat_consol_v12,xwOBA,2026-09-11T17:43:54.867125+00:00
823173,Robbie Ray,away,home,805811,3.0,420.0,0.357,0.34883003316036226,4.39,False,xw+plat_consol_v12,xwOBA,2026-09-11T17:43:54.867125+00:00
823173,Robbie Ray,away,home,687551,4.0,361.0,0.325,0.32272585085333705,4.29,False,xw+plat_consol_v12,xwOBA,2026-09-11T17:43:54.867125+00:00
823173,Robbie Ray,away,home,683766,5.0,167.0,0.249,0.2735378922973347,4.18,False,xw+plat_consol_v12,xwOBA,2026-09-11T17:43:54.867125+00:00
823173,Robbie Ray,away,home,701852,6.0,141.0,0.316,0.31538430391447453,4.08,False,xw+plat_consol_v12,xwOBA,2026-09-11T17:43:54.867125+00:00
823173,Robbie Ray,away,home,678545,7.0,121.0,0.277,0.29397564363524153,3.97,False,xw+plat_consol_v12,xwOBA,2026-09-11T17:43:54.867125+00:00
823173,Robbie Ray,away,home,813841,8.0,104.0,0.256,0.28468439825190384,3.87,False,xw+plat_consol_v12,xwOBA,2026-09-11T17:43:54.867125+00:00
823173,Robbie Ray,away,home,694376,9.0,79.0,0.262,0.29133864381781216,3.76,False,xw+plat_consol_v12,xwOBA,2026-09-11T17:43:54.867125+00:00
823173,Anthony Molina,home,away,665487,1.0,634.0,0.374,0.3658959362988943,4.61,False,xw+plat_consol_v12,xwOBA,2026-09-11T17:43:54.867125+00:00
823173,Anthony Molina,home,away,592518,2.0,607.0,0.337,0.33381982636971486,4.5,False,xw+plat_consol_v12,xwOBA,2026-09-11T17:43:54.867125+00:00
823173,Anthony Molina,home,away,701538,3.0,600.0,0.345,0.3406451674905548,4.39,False,xw+plat_consol_v12,xwOBA,2026-09-11T17:43:54.867125+00:00
823173,Anthony Molina,home,away,593428,4.0,550.0,0.322,0.3208486419129052,4.29,False,xw+plat_consol_v12,xwOBA,2026-09-11T17:43:54.867125+00:00
823173,Anthony Molina,home,away,664034,5.0,442.0,0.335,0.3312206960210118,4.18,False,xw+plat_consol_v12,xwOBA,2026-09-11T17:43:54.867125+00:00
823173,Anthony Molina,home,away,630105,6.0,358.0,0.269,0.27893802891569514,4.08,False,xw+plat_consol_v12,xwOBA,2026-09-11T17:43:54.867125+00:00
823173,Anthony Molina,home,away,666023,7.0,245.0,0.275,0.28645396302431414,3.97,False,xw+plat_consol_v12,xwOBA,2026-09-11T17:43:54.867125+00:00
823173,Anthony Molina,home,away,669134,8.0,205.0,0.346,0.3356774335848799,3.87,False,xw+plat_consol_v12,xwOBA,2026-09-11T17:43:54.867125+00:00
823173,Anthony Molina,home,away,823550,9.0,143.0,0.256,0.28008072939665996,3.76,False,xw+plat_consol_v12,xwOBA,2026-09-11T17:43:54.867125+00:00
