game_pk,game_date,game_datetime_utc,matchup,side,pitcher,opp_team,n_opp,starter_rate_basis,starter_rate_bf,opp_xwOBA_neutral,opp_xwOBA_vs_sp,platoon_delta_sp,opp_xwOBA_sd,pit_xwOBA,opp_xwOBA,lg_xwOBA,mx_xwOBA,edge_xwOBA,starter_xwOBA,mx_xwOBA_sp,edge_xwOBA_sp,pit_xBA,opp_xBA,lg_xBA,mx_xBA,edge_xBA,pit_xSLG,opp_xSLG,lg_xSLG,mx_xSLG,edge_xSLG,pit_Hard Hit%,opp_Hard Hit%,lg_Hard Hit%,mx_Hard Hit%,edge_Hard Hit%,pit_EV,opp_EV,lg_EV,mx_EV,edge_EV,pit_LA°,opp_LA°,lg_LA°,mx_LA°,edge_LA°,pit_K%,opp_K%,lg_K%,mx_K%,edge_K%,pit_BB%,opp_BB%,lg_BB%,mx_BB%,edge_BB%,bullpen_xwOBA,expected_sp_ip,expected_sp_ip_raw,sp_share,bp_share,mx_xwOBA_bp,edge_xwOBA_bp,bullpen_pitchers,bullpen_relief_bf,sp_bf_per_ip,bp_bf_per_ip,opener,opener_reason,opener_confidence,pitching_basis,model_tag,model_metric,snapshot_utc,scheduled_start_utc,lineup_status_away,lineup_status_home,lineup_posted_away,lineup_posted_home,lineup_savant_backfill_away,lineup_savant_backfill_home
822692,2026-08-26,2026-08-26T22:45:00Z,Colorado Rockies @ Washington Nationals,away,Tanner Gordon,Washington Nationals,9,measured,338.0,0.31696686624013115,0.3166409698257885,-0.0003258964143426635,0.019884709784261958,0.32378572805716027,0.3166409698257885,0.3149700472092945,0.3256581863120114,0.010688139102716876,0.3288835724222134,0.3306283065778026,0.01565825936850812,0.265,0.23355936254980084,0.24328411290052565,0.2544072045551294,0.011123091654603734,0.473,0.4099189907038513,0.3953294405196371,0.4904559659105138,0.09512652539087674,44.0,41.1937583001328,39.14915053338601,46.297948755239,7.148798221852985,91.3,89.25646746347941,88.88720433419947,91.66926312927994,2.7820587950804736,19.3,13.649428950863216,14.015506549516488,18.933922401346727,4.91841585183024,18.9,24.835830013280212,22.09159339739512,21.247774155862558,-0.8438192415325609,4.4,8.43901726427623,8.918549569759266,4.163420932112136,-4.75512863764713,0.31804424065682135,4.81189697413741,4.6875,0.5296901621436129,0.47030983785638714,0.3200605491852623,0.005090501975967776,8.0,1202.0694702511153,4.362549800796812,4.450425319221717,False,,,starter_bullpen_sequential,xw+plat_consol_v12,xwOBA,2026-08-27T06:56:28.830061+00:00,2026-08-26T22:45:00Z,posted,posted,9,9,0,0
822692,2026-08-26,2026-08-26T22:45:00Z,Colorado Rockies @ Washington Nationals,home,Matt Waldron,Colorado Rockies,9,measured,169.0,0.31102876269335544,0.31139210930690125,0.0003633466135458119,0.010784993613704972,0.3041622454746443,0.31139210930690125,0.3149700472092945,0.30046830749468273,-0.014501739714611772,0.3055650733120054,0.30209397227513723,-0.012876074934157267,0.237,0.22436998671978753,0.24328411290052565,0.2185744322496397,-0.02470968065088594,0.39,0.37816972111553787,0.3953294405196371,0.37307161096122243,-0.022257829558414655,38.1,34.42613545816732,39.14915053338601,33.503556094726115,-5.645594438659899,89.1,86.92363877822046,88.88720433419947,87.13643444402099,-1.750769890178475,17.0,16.349030544488713,14.015506549516488,19.333523994972225,5.318017445455737,18.3,28.108552456839313,22.09159339739512,23.284264774708923,1.192671377313804,5.9,6.976786188579017,8.918549569759266,4.615440906690761,-4.303108663068505,0.30350803642242613,2.7653515686912007,2.0,0.3180346718779346,0.6819653281220655,0.29971017838794484,-0.015259868821349665,7.0,787.125,4.5,4.27995027776404,True,reliever_spot_start,medium,opener_bullpen_sequential,xw+plat_consol_v12,xwOBA,2026-08-27T06:56:28.830061+00:00,2026-08-26T22:45:00Z,posted,posted,9,9,0,0
822772,2026-08-26,2026-08-26T23:07:00Z,Kansas City Royals @ Toronto Blue Jays,away,Randy Dobnak,Toronto Blue Jays,9,measured,196.0,0.3066324063955867,0.3043312111764632,-0.0023011952191234752,0.016064485311503052,0.3235168466658993,0.3043312111764632,0.3149700472092945,0.31355047638966577,-0.0014195708196287349,0.32757096189503193,0.3165065010563086,0.0015364538470141187,0.292,0.2511638778220452,0.24328411290052565,0.3014576309552301,0.05817351805470444,0.385,0.3693152722443559,0.3953294405196371,0.359665547871116,-0.0356638926485211,40.8,33.3266401062417,39.14915053338601,34.73196475042541,-4.417185782960601,90.2,87.50029216467463,88.88720433419947,88.81308783047517,-0.0741165037242979,8.0,11.310464807436919,14.015506549516488,5.294958257920431,-8.720548291596057,14.8,17.174395750332007,22.09159339739512,11.505781974734557,-10.585811422660562,10.2,7.578831341301462,8.918549569759266,8.667786065056488,-0.2507635047027783,0.31777805909464074,5.249309225799778,5.261904761904763,0.5860149629004066,0.41398503709959344,0.3093660867858969,-0.005603960423397614,9.0,1131.4083333333333,4.2774193548387105,4.229106931206128,False,,,starter_bullpen_sequential,xw+plat_consol_v12,xwOBA,2026-08-27T06:56:28.830061+00:00,2026-08-26T23:07:00Z,posted,posted,9,9,0,0
822772,2026-08-26,2026-08-26T23:07:00Z,Kansas City Royals @ Toronto Blue Jays,home,Spencer Miles,Kansas City Royals,9,measured,324.0,0.3209984368425557,0.3206082641997934,-0.0003901726427623098,0.02497768038122952,0.2820200653373628,0.3206082641997934,0.3149700472092945,0.2873421643062088,-0.02762788290308571,0.2806061432097393,0.2856292186999373,-0.02934082850935721,0.232,0.24787755644090306,0.24328411290052565,0.2363803883807378,-0.006903724519787852,0.325,0.4070905710491368,0.3953294405196371,0.3346688154999616,-0.06066062501967551,35.2,40.32467463479416,39.14915053338601,36.256943709015594,-2.892206824370419,86.7,89.30108897742363,88.88720433419947,87.11388464322418,-1.7733196909752849,6.5,15.417211155378485,14.015506549516488,7.9017046058619975,-6.11380194365449,22.5,20.75957503320053,22.09159339739512,21.14335665358063,-0.9482367438144905,6.2,9.000770252324038,8.918549569759266,6.2571581990899166,-2.6613913706693495,0.28241332815047426,2.003846301548425,1.0,0.2176107183316576,0.7823892816683424,0.28781859634915413,-0.02715145086014037,8.0,1199.6426056338028,4.0323886639676125,4.15250400728034,True,reliever_spot_start,medium,opener_bullpen_sequential,xw+plat_consol_v12,xwOBA,2026-08-27T06:56:28.830061+00:00,2026-08-26T23:07:00Z,posted,posted,9,9,0,0
823015,2026-08-26,2026-08-26T23:45:00Z,Baltimore Orioles @ St. Louis Cardinals,away,Kyle Bradish,St. Louis Cardinals,9,measured,587.0,0.32346520818914587,0.32357437153575935,0.00010916334661348337,0.027410267132627546,0.3071523294234425,0.32357437153575935,0.3149700472092945,0.3155010169222114,0.0005309697129168844,0.31755895883686963,0.32623400682577025,0.01126395961647575,0.243,0.24631845949535197,0.24328411290052565,0.24603080301361185,0.002746690113086203,0.389,0.40708446215139443,0.3953294405196371,0.4005668173074665,0.005237376787829429,38.2,39.75609561752988,39.14915053338601,38.79223002027908,-0.3569205131069353,88.2,89.18395750332006,88.88720433419947,88.4967531691206,-0.390451165078872,9.7,13.743638778220454,14.015506549516488,9.428132228703966,-4.587374320812522,22.0,19.385179282868528,22.09159339739512,19.304806880674995,-2.786786516720124,10.2,8.829455511288181,8.918549569759266,10.09810457526788,1.1795550055086146,0.29248532354790335,5.237705336014744,5.246666666666666,0.5849572950434273,0.4150427049565727,0.3003740416333164,-0.014596005575978122,8.0,1109.0,4.265734265734266,4.21357449407074,False,,,starter_bullpen_sequential,xw+plat_consol_v12,xwOBA,2026-08-27T06:56:28.830061+00:00,2026-08-26T23:45:00Z,posted,posted,9,9,1,0
823015,2026-08-26,2026-08-26T23:45:00Z,Baltimore Orioles @ St. Louis Cardinals,home,Michael McGreevy,Baltimore Orioles,9,measured,558.0,0.32228264159439757,0.32304067612295,0.0007580345285524426,0.024247308216931066,0.3305872872310954,0.32304067612295,0.3149700472092945,0.33871705654726636,0.02374700933797186,0.3455243232840873,0.3543778590998749,0.0394078118905804,0.28,0.2405267403645055,0.24328411290052565,0.27682649104834345,0.0335423781478178,0.481,0.4276050194203765,0.3953294405196371,0.5202699148104162,0.12494047429077909,42.4,41.89904391992829,39.14915053338601,45.37823779062488,6.2290872572388665,89.9,89.83692859276965,88.88720433419947,90.84972425857019,1.9625199243707243,10.9,14.671078577830896,14.015506549516488,11.555572028314408,-2.4599345212020793,17.0,25.284642963848224,22.09159339739512,19.457126638773975,-2.6344667586211443,6.5,9.498087839856588,8.918549569759266,6.9223779580040254,-1.9961716117552406,0.31257484103381294,5.000369527755248,4.9350000000000005,0.5466685655472622,0.4533314344527378,0.3198318264129639,0.004861779203669425,9.0,1503.0,4.117096018735363,4.2683985113391705,False,,,starter_bullpen_sequential,xw+plat_consol_v12,xwOBA,2026-08-27T06:56:28.830061+00:00,2026-08-26T23:45:00Z,posted,posted,9,9,1,0
823096,2026-08-26,2026-08-26T20:10:00Z,Philadelphia Phillies @ Seattle Mariners,away,Jesús Luzardo,Seattle Mariners,9,measured,645.0,0.31648662258660565,0.32492008872206374,0.00843346613545809,0.02114729690734998,0.27487142095300166,0.32492008872206374,0.3149700472092945,0.2811169744824164,-0.0338530727268781,0.2708416170750731,0.2793976221846377,-0.035572425024656795,0.206,0.22166347941567066,0.24328411290052565,0.18769280170094285,-0.0555913111995828,0.308,0.3693187250996016,0.3953294405196371,0.287735128406221,-0.10759431211341608,32.2,40.762602921646746,39.14915053338601,33.52705732293452,-5.622093210451496,87.3,89.34276228419655,88.88720433419947,87.75555794999708,-1.1316463842023836,9.0,15.788074369189909,14.015506549516488,10.77256781967342,-3.2429387298430683,30.1,27.231925630810093,22.09159339739512,37.103750134385265,15.012156736990146,7.3,10.470199203187251,8.918549569759266,8.570054310448826,-0.34849525931043956,0.28338478573543313,6.160395884702741,6.458333333333333,0.6787252099492336,0.3212747900507664,0.2847492786202609,-0.03022076858903361,8.0,1291.7692307692307,4.110429447852761,4.221051893462893,False,,,starter_bullpen_sequential,xw+plat_consol_v12,xwOBA,2026-08-27T06:56:28.830061+00:00,2026-08-26T20:10:00Z,posted,posted,9,9,0,0
823096,2026-08-26,2026-08-26T20:10:00Z,Philadelphia Phillies @ Seattle Mariners,home,Bryan Woo,Philadelphia Phillies,9,measured,563.0,0.325240778229341,0.32538207969016447,0.00014130146082347306,0.027232903824509002,0.2976742624442246,0.32538207969016447,0.3149700472092945,0.3074615152042133,-0.007508532005081225,0.29631373261075333,0.30610903929406114,-0.008861007915233365,0.237,0.2575766268260292,0.24328411290052565,0.25092333334042805,0.007639220439902394,0.383,0.41710119521912353,0.3953294405196371,0.40409274239465376,0.008763301875016671,43.3,39.732802124833995,39.14915053338601,43.94553415758397,4.796383624197958,89.8,89.64029216467463,88.88720433419947,90.55308783047518,1.6658834962757112,17.1,13.854581673306773,14.015506549516488,16.93907512379029,2.9235685742738013,24.3,21.332244355909697,22.09159339739512,23.464741928019034,1.373148530623915,5.2,8.920717131474103,8.918549569759266,5.201263806500036,-3.7172857632592304,0.29976397348842415,5.553571374948342,5.661458333333334,0.6056710584248347,0.3943289415751653,0.3095388557938331,-0.005431191415461389,7.0,1043.0,4.081967213114754,4.282470820836996,False,,,starter_bullpen_sequential,xw+plat_consol_v12,xwOBA,2026-08-27T06:56:28.830061+00:00,2026-08-26T20:10:00Z,posted,posted,9,9,0,0
823180,2026-08-26,2026-08-26T19:45:00Z,Cincinnati Reds @ San Francisco Giants,away,Nick Lodolo,San Francisco Giants,9,measured,338.0,0.3087677025703776,0.3066415405517854,-0.002126162018592226,0.011465996375311217,0.3403820457318183,0.3066415405517854,0.3149700472092945,0.3323018610271029,0.017331813817808406,0.36669635781034127,0.35700009277064243,0.04203004556134793,0.304,0.21626374501992035,0.24328411290052565,0.2702362176560923,0.02695210475556664,0.488,0.34841885790172644,0.3953294405196371,0.43009294332481346,0.03476350280517637,39.9,32.95474103585658,39.14915053338601,33.58678667138253,-5.562363862003487,90.5,87.06722443559097,88.88720433419947,88.68002010139149,-0.20718423280797538,12.5,17.89577689243028,14.015506549516488,16.380270342913793,2.364763793397305,17.5,26.24114209827357,22.09159339739512,20.78709210599247,-1.304501291402648,9.2,10.040132802124834,8.918549569759266,10.356978010499722,1.4384284407404557,0.3073680635372354,4.891220439464782,4.791666666666666,0.5564626894987015,0.4435373105012985,0.30131541606187834,-0.013654631147416163,8.0,1367.0,4.544303797468355,4.311871999961278,False,,,starter_bullpen_sequential,xw+plat_consol_v12,xwOBA,2026-08-27T06:56:28.830061+00:00,2026-08-26T19:45:00Z,posted,posted,9,9,0,0
823180,2026-08-26,2026-08-26T19:45:00Z,Cincinnati Reds @ San Francisco Giants,home,Logan Webb,Cincinnati Reds,9,measured,578.0,0.30728154621266335,0.3058640163321852,-0.0014175298804781633,0.03320622181333947,0.3024957584787057,0.3058640163321852,0.3149700472092945,0.2942707033976609,-0.020699343811633575,0.3047654936886865,0.2959544844502031,-0.019015562759091387,0.253,0.21826640106241704,0.24328411290052565,0.22698317128241954,-0.016300941618106107,0.374,0.3604084993359894,0.3953294405196371,0.3409631687801519,-0.05436627173948516,38.2,35.67065073041169,39.14915053338601,34.805834592495145,-4.343315940890868,87.9,88.78865869853918,88.88720433419947,87.80145436433973,-1.0857499698597337,7.3,15.600292164674638,14.015506549516488,8.884785615158151,-5.130720934358337,19.4,24.632297476759632,22.09159339739512,21.631150024039616,-0.46044337335550267,6.1,9.475750332005312,8.918549569759266,6.481107334002587,-2.437442235756679,0.29889765474005336,5.7299798641437825,5.893115942028986,0.6131906090385297,0.38680939096147027,0.2916014850352796,-0.023368562174014895,9.0,752.3333333333334,4.0835214446952595,4.513765822466469,False,,,starter_bullpen_sequential,xw+plat_consol_v12,xwOBA,2026-08-27T06:56:28.830061+00:00,2026-08-26T19:45:00Z,posted,posted,9,9,0,0
823255,2026-08-26,2026-08-26T20:10:00Z,Pittsburgh Pirates @ San Diego Padres,away,Bubba Chandler,San Diego Padres,9,measured,547.0,0.32099467931103404,0.31931154518088795,-0.0016831341301460911,0.02219291740555319,0.2983145179620114,0.31931154518088795,0.3149700472092945,0.30307862280619696,-0.011891424403097539,0.31245904902771166,0.31676593579227574,0.001795888582981242,0.231,0.24723745019920318,0.24328411290052565,0.23475372195539915,-0.008530390945126504,0.365,0.39942948207171314,0.3953294405196371,0.3687854887926907,-0.026543951726946402,38.3,41.71763612217796,39.14915053338601,40.812774778263446,1.6636242448774325,88.8,89.53880478087649,88.88720433419947,89.45160044667703,0.5643961124775672,16.0,10.585683930942897,14.015506549516488,12.570177381426412,-1.4453291680900762,20.8,21.987171314741037,22.09159339739512,20.70168299406321,-1.3899104033319105,12.1,8.83011952191235,8.918549569759266,11.98002493336183,3.0614753636025647,0.2800073621849686,5.018137983988579,4.958333333333334,0.5641357216885847,0.4358642783114153,0.2853632408086334,-0.0296068064006611,8.0,922.5074736584171,4.343511450381679,4.229266382389954,False,,,starter_bullpen_sequential,xw+plat_consol_v12,xwOBA,2026-08-27T06:56:28.830061+00:00,2026-08-26T20:10:00Z,posted,posted,9,9,0,0
823255,2026-08-26,2026-08-26T20:10:00Z,Pittsburgh Pirates @ San Diego Padres,home,Randy Vásquez,Pittsburgh Pirates,9,measured,498.0,0.32422566803333036,0.32453934665218825,0.0003136786188578933,0.01598261153097915,0.31536226647103016,0.32453934665218825,0.3149700472092945,0.3248249978403588,0.009854950631064285,0.35413545939954755,0.3648946674079496,0.04992462019865512,0.288,0.2417025232403719,0.24328411290052565,0.2861277124235789,0.04284359952305322,0.5,0.4197147410358566,0.3953294405196371,0.5308417461701898,0.13551230565055267,43.9,41.708260292164674,39.14915053338601,46.769664268055486,7.620513734669473,91.3,89.60430278884462,88.88720433419947,92.01709845464516,3.129894120445698,16.3,11.970756972111555,14.015506549516488,14.255250422595068,0.2397438730785808,14.9,25.173572377158035,22.09159339739512,16.97868604008809,-5.11290735730703,6.4,10.112934926958832,8.918549569759266,7.2570974715436325,-1.6614520982156336,0.2670903294809688,4.9419874572743,4.858333333333333,0.5545621798165452,0.4454378201834548,0.2749389704465015,-0.040031076762792994,7.0,1489.6928746928747,4.195121951219512,4.103644060703767,False,,,starter_bullpen_sequential,xw+plat_consol_v12,xwOBA,2026-08-27T06:56:28.830061+00:00,2026-08-26T20:10:00Z,posted,posted,9,9,0,0
823506,2026-08-26,2026-08-26T23:05:00Z,Houston Astros @ New York Yankees,away,Peter Lambert,New York Yankees,9,measured,516.0,0.32331025021687115,0.3259904627002708,0.0026802124833996688,0.02428872148388086,0.29028617738907925,0.3259904627002708,0.3149700472092945,0.29941167434954874,-0.015558372859745762,0.29237825441709325,0.30260821079787154,-0.012361836411422966,0.207,0.24584462151394423,0.24328411290052565,0.2091786267777969,-0.03410548612272876,0.347,0.41637078353253654,0.3953294405196371,0.36546901666589493,-0.029860423853742157,36.6,42.494820717131475,39.14915053338601,39.72782083536292,0.5786703019769064,88.7,89.76183266932271,88.88720433419947,89.57462833512325,0.6874240009237838,18.8,14.824621513944223,14.015506549516488,19.609114964427732,5.593608414911245,23.3,24.112509960159365,22.09159339739512,25.431460373426898,3.3398669760317787,9.3,9.817051792828686,8.918549569759266,10.236931572694187,1.3183820029349214,0.2874166593631453,5.146497773336508,5.1268939393939394,0.5783458736018057,0.42165412639819433,0.2950272664925759,-0.019942780716718622,6.0,1265.123076923077,4.234375,4.123008264166858,False,,,starter_bullpen_sequential,xw+plat_consol_v12,xwOBA,2026-08-27T06:56:28.830061+00:00,2026-08-26T23:05:00Z,posted,posted,9,9,0,0
823506,2026-08-26,2026-08-26T23:05:00Z,Houston Astros @ New York Yankees,home,Elmer Rodríguez,Houston Astros,9,measured,83.0,0.3254520349781987,0.32314791811232885,-0.002304116865869843,0.04394030089023382,0.3129935682806335,0.32314791811232885,0.3149700472092945,0.3221090142844827,0.007138967075188185,0.33811477989578936,0.34689357980039837,0.031923532591103865,0.272,0.24907702523240374,0.24328411290052565,0.2784766750918713,0.035192562191345644,0.385,0.42844382470119524,0.3953294405196371,0.41724914869265,0.02191970817301292,34.5,41.609774236387786,39.14915053338601,36.66841276495045,-2.48073776843556,86.9,89.15107569721117,88.88720433419947,87.1638713630117,-1.723332971187773,9.2,15.27187250996016,14.015506549516488,10.45636596044367,-3.5591405890728183,12.0,22.217609561752987,22.09159339739512,12.068451104684586,-10.023142292710533,13.3,9.040849933598938,8.918549569759266,13.482383337822448,4.563833768063182,0.2851280862181802,4.478738419762445,4.25,0.5258958453229279,0.4741041546770721,0.29461695393366827,-0.020353093275626233,7.0,1272.8209993674889,4.565217391304348,4.076913982660732,False,,,starter_bullpen_sequential,xw+plat_consol_v12,xwOBA,2026-08-27T06:56:28.830061+00:00,2026-08-26T23:05:00Z,posted,posted,9,9,0,0
823584,2026-08-26,2026-08-26T23:10:00Z,Milwaukee Brewers @ New York Mets,away,Dustin May,New York Mets,9,measured,523.0,0.3152131748487291,0.314727650280336,-0.0004855245683931253,0.01883607453824195,0.3033085324736695,0.314727650280336,0.3149700472092945,0.3032576561975328,-0.011712391011761691,0.3158346785247664,0.31559161618658116,0.0006215689772866573,0.249,0.22793598937583007,0.24328411290052565,0.2332912769268587,-0.009992835973666958,0.379,0.3596193891102258,0.3953294405196371,0.3447649846002435,-0.05056445591939357,44.8,43.77115537848606,39.14915053338601,50.08915223547183,10.940001702085816,89.7,89.62725099601593,88.88720433419947,90.44004666181648,1.5528423276170145,11.8,14.459628154050467,14.015506549516488,12.24412160453398,-1.7713849449825076,22.6,28.97660026560425,22.09159339739512,29.643455509183585,7.551862111788466,8.0,7.333625498007968,8.918549569759266,6.5783122608856415,-2.3402373088736246,0.2856226735324012,5.192649607708798,5.1875,0.5853917654832133,0.41460823451678674,0.2858431477235194,-0.029126899485775126,7.0,1347.3882697947215,4.239130434782608,4.094814806796958,False,,,starter_bullpen_sequential,xw+plat_consol_v12,xwOBA,2026-08-27T06:56:28.830061+00:00,2026-08-26T23:10:00Z,posted,posted,9,9,0,0
823584,2026-08-26,2026-08-26T23:10:00Z,Milwaukee Brewers @ New York Mets,home,Robert Stock,Milwaukee Brewers,9,measured,81.0,0.3215042220452538,0.32243304010634277,0.0009288180610889651,0.021185083816047473,0.31348039334450123,0.32243304010634277,0.3149700472092945,0.32049318217108846,0.005523134961793963,0.3221436724913229,0.3297766393747874,0.014806592165492904,0.227,0.2495073041168659,0.24328411290052565,0.2328066447055129,-0.010477468195012746,0.366,0.3910964143426295,0.3953294405196371,0.362081021492484,-0.03324841902715309,27.1,39.97243027888447,39.14915053338601,27.66989438593263,-11.479256147453384,87.0,89.22934926958831,88.88720433419947,87.34214493538884,-1.545059398810622,18.6,8.53476759628154,14.015506549516488,13.119261046765054,-0.8962455027514338,23.5,20.319734395750334,22.09159339739512,21.615179571267948,-0.4764138261271711,13.6,11.06175298804781,8.918549569759266,16.868195827218006,7.94964625745874,0.30345872987572925,4.415279647500547,4.166666666666667,0.536349705479337,0.463650294520663,0.30975409800382486,-0.005215949205469639,7.0,462.2068965517241,5.032258064516129,4.189389719476424,False,,,starter_bullpen_sequential,xw+plat_consol_v12,xwOBA,2026-08-27T06:56:28.830061+00:00,2026-08-26T23:10:00Z,posted,posted,9,9,0,0
823825,2026-08-26,2026-08-26T22:40:00Z,Boston Red Sox @ Miami Marlins,away,Sonny Gray,Miami Marlins,9,measured,563.0,0.3214309538673516,0.32225592066682035,0.0008249667994687515,0.018180768073698124,0.29226252284238063,0.32225592066682035,0.3149700472092945,0.2987705919935635,-0.016199455215731018,0.29801207348556474,0.3049056758311488,-0.010064371378145698,0.245,0.2394669322709163,0.24328411290052565,0.24115589672870796,-0.0021282161718176873,0.371,0.40965152722443554,0.3953294405196371,0.3844406740881629,-0.010888766431474184,38.3,42.128552456839316,39.14915053338601,41.214778280334556,2.065627746948543,89.2,89.48565737051793,88.88720433419947,89.79845303631846,0.9112487021189963,10.0,14.356148738379815,14.015506549516488,10.340642188863328,-3.67486436065316,21.8,25.663532536520584,22.09159339739512,25.32479207054919,3.233198673154071,6.4,9.573253652058433,8.918549569759266,6.869819233939379,-2.0487303358198874,0.2812410878020667,5.938290181786098,6.166666666666666,0.6571727654122654,0.34282723458773456,0.2870101202316557,-0.027959926977638827,7.0,892.3772357723577,4.078886310904872,4.127002654249419,False,,,starter_bullpen_sequential,xw+plat_consol_v12,xwOBA,2026-08-27T06:56:28.830061+00:00,2026-08-26T22:40:00Z,posted,posted,9,9,0,0
823825,2026-08-26,2026-08-26T22:40:00Z,Boston Red Sox @ Miami Marlins,home,Ryan Gusto,Boston Red Sox,9,measured,255.0,0.3090220026152233,0.30746449929517006,-0.0015575033200532218,0.02098603883683194,0.3070335947082121,0.30746449929517006,0.3149700472092945,0.300404751541789,-0.014565295667505529,0.3178648020307872,0.31029027383995117,-0.004679773369343332,0.265,0.2438201859229748,0.24328411290052565,0.2655839236654434,0.02229981076491777,0.42,0.376863213811421,0.3953294405196371,0.4003813872114958,0.005051946691858711,43.9,33.61986719787516,39.14915053338601,37.69972400111404,-1.4494265322719713,90.0,87.32563081009296,88.88720433419947,88.43842647589348,-0.4487778583059878,13.8,14.521381142098274,14.015506549516488,14.305874592581787,0.29036804306529973,20.0,19.045763612217797,22.09159339739512,17.242544047966714,-4.849049349428405,5.9,8.519601593625497,8.918549569759266,5.63607893965512,-3.2824706301041457,0.29489396480139035,4.6453176969499275,4.46875,0.5284800804424385,0.47151991955756145,0.28932504652264496,-0.025645000686649544,7.0,769.0,4.421052631578947,4.207809324918655,False,,,starter_bullpen_sequential,xw+plat_consol_v12,xwOBA,2026-08-27T06:56:28.830061+00:00,2026-08-26T22:40:00Z,posted,posted,9,9,0,0
823988,2026-08-26,2026-08-26T20:07:00Z,Cleveland Guardians @ Los Angeles Angels,away,Joey Cantillo,Los Angeles Angels,9,measured,564.0,0.3047643209491713,0.3148631257300477,0.010098804780876436,0.027123171341551514,0.3007789276703626,0.3148631257300477,0.3149700472092945,0.29607299607749915,-0.01889705113179535,0.3065015131339299,0.30639746643023213,-0.008572580779062366,0.229,0.21636998671978755,0.24328411290052565,0.20366610202405983,-0.039618010876465826,0.366,0.36945365205843295,0.3953294405196371,0.3420439329680272,-0.05328550755160988,39.7,36.13171314741036,39.14915053338601,36.640105657692985,-2.5090448756930286,88.1,88.06130146082337,88.88720433419947,87.27409712662391,-1.6131072075755526,10.3,16.23136786188579,14.015506549516488,12.515861312369303,-1.4996452371471847,25.5,27.730916334661355,22.09159339739512,32.0093871824223,9.917793785027182,11.2,7.514847277556441,8.918549569759266,9.437217212316732,0.5186676425574657,0.2947543190879892,4.588028527546825,4.393518518518519,0.5128551174699599,0.48714488253004007,0.285203627137265,-0.02976642007202951,8.0,1355.4,4.320293398533007,4.267466363406133,False,,,starter_bullpen_sequential,xw+plat_consol_v12,xwOBA,2026-08-27T06:56:28.830061+00:00,2026-08-26T20:07:00Z,posted,posted,9,9,0,0
823988,2026-08-26,2026-08-26T20:07:00Z,Cleveland Guardians @ Los Angeles Angels,home,Grayson Rodriguez,Cleveland Guardians,9,measured,298.0,0.31654517268142873,0.31701396418209277,0.0004687915006640342,0.014455475159241971,0.3333002566432768,0.31701396418209277,0.3149700472092945,0.33527530746509093,0.02030526025579643,0.3516809163842448,0.3539630590844025,0.03899301187510801,0.277,0.2554318725099602,0.24328411290052565,0.2908312747663438,0.047547161865818144,0.477,0.3878401062416999,0.3953294405196371,0.4679634545661959,0.07263401404655884,46.5,37.317715803452856,39.14915053338601,44.3246854968343,5.1755349634482855,90.7,88.51952191235061,88.88720433419947,90.33231757815115,1.4451132439516812,14.9,13.181567065073041,14.015506549516488,14.066060515556554,0.050553966040066456,20.5,18.555325365205846,22.09159339739512,17.21850312669488,-4.873090270700239,10.1,8.783426294820716,8.918549569759266,9.946976790765744,1.0284272210064778,0.3069679410531641,5.158653836854208,5.142857142857142,0.5889188852929836,0.41108111470701636,0.30850304900188963,-0.006466998207404873,6.0,382.0,4.493023255813953,4.211760346819465,False,,,starter_bullpen_sequential,xw+plat_consol_v12,xwOBA,2026-08-27T06:56:28.830061+00:00,2026-08-26T20:07:00Z,posted,posted,9,9,0,0
824234,2026-08-26,2026-08-26T17:10:00Z,Tampa Bay Rays @ Detroit Tigers,away,Freddy Peralta,Detroit Tigers,9,measured,601.0,0.3237560211628544,0.32399373696630723,0.0002377158034528315,0.017763766717834886,0.3044350032767956,0.32399373696630723,0.3149700472092945,0.3130618780908635,-0.0019081691184310023,0.3132810338387011,0.32225633444637497,0.007286287237080469,0.242,0.2592905710491368,0.24328411290052565,0.25792197215749846,0.014637859256972807,0.388,0.4141832669322709,0.3953294405196371,0.40650427491179614,0.01117483439215905,38.7,38.61686586985392,39.14915053338601,38.17382213411949,-0.9753283992665231,87.7,87.979203187251,88.88720433419947,86.79199885305154,-2.0952054811479286,16.0,15.221487383798143,14.015506549516488,17.205980834281654,3.190474284765166,21.5,21.156494023904383,22.09159339739512,20.589941763439235,-1.501651633955884,9.0,8.884435590969456,8.918549569759266,8.96557446850446,0.04702489874519422,0.29270873991082463,5.136513001477118,5.113782051282051,0.5700027137023025,0.4299972862976975,0.3008737428614924,-0.014096304347802124,8.0,1249.8820039551747,3.98780487804878,3.99955458573171,False,,,starter_bullpen_sequential,xw+plat_consol_v12,xwOBA,2026-08-27T06:56:28.830061+00:00,2026-08-26T17:10:00Z,posted,posted,9,9,0,0
824234,2026-08-26,2026-08-26T17:10:00Z,Tampa Bay Rays @ Detroit Tigers,home,Troy Melton,Tampa Bay Rays,9,measured,355.0,0.31648501202543017,0.315311572450397,-0.001173439575033186,0.02796305952724606,0.29114382397718797,0.315311572450397,0.3149700472092945,0.2918695960923832,-0.02310045111691128,0.2869055048811637,0.28721659945220734,-0.027753447757087157,0.22,0.24691208499335993,0.24328411290052565,0.22328074797366604,-0.020003364926859613,0.342,0.3845609561752988,0.3953294405196371,0.33268417054666394,-0.06264526997297315,35.7,34.99245683930943,39.14915053338601,31.90952273914641,-7.239627794239603,88.3,87.9465604249668,88.88720433419947,87.35935609076732,-1.527848243432146,14.8,12.875670650730411,14.015506549516488,13.660164101213923,-0.3553424483025651,21.4,16.212324037184594,22.09159339739512,15.70478544280375,-6.386807954591369,7.9,8.545152722443559,8.918549569759266,7.569247216633039,-1.3493023531262267,0.29839514118403193,5.811372637262302,6.0,0.631118080302832,0.368881919697168,0.2998303828655981,-0.015139664343696402,8.0,1182.826919076347,3.9381443298969074,4.1951097929026195,False,,,starter_bullpen_sequential,xw+plat_consol_v12,xwOBA,2026-08-27T06:56:28.830061+00:00,2026-08-26T17:10:00Z,posted,posted,9,9,0,0
824555,2026-08-26,2026-08-26T23:40:00Z,Texas Rangers @ Chicago White Sox,away,MacKenzie Gore,Chicago White Sox,9,measured,619.0,0.3218119499512059,0.32485311860990446,0.0030411686586985787,0.03219467599591474,0.29938270476645046,0.32485311860990446,0.3149700472092945,0.307732932058659,-0.00723711515063552,0.30380390086360143,0.3133366030066203,-0.0016334442026741947,0.234,0.23878432934926955,0.24328411290052565,0.22967193542381267,-0.013612177476712978,0.376,0.4027131474103586,0.3953294405196371,0.38302268413721485,-0.012306756382422235,41.9,40.82879150066401,39.14915053338601,43.69766241591708,4.548511882531066,89.0,89.38573705179282,88.88720433419947,89.49853271759336,0.6113283833938965,16.4,13.595537848605577,14.015506549516488,15.980031299089088,1.9645247495726004,26.0,23.59800796812749,22.09159339739512,27.772926838480554,5.681333441085435,8.4,10.036095617529881,8.918549569759266,9.452568775656482,0.5340192058972164,0.291866761405275,5.638623757216024,5.773148148148148,0.6296268371006513,0.37037316289934874,0.29820680552319906,-0.016763241686095443,8.0,1299.3101051110636,4.279017857142857,4.222370792407498,False,,,starter_bullpen_sequential,xw+plat_consol_v12,xwOBA,2026-08-27T06:56:28.830061+00:00,2026-08-26T23:40:00Z,posted,posted,9,9,0,0
824555,2026-08-26,2026-08-26T23:40:00Z,Texas Rangers @ Chicago White Sox,home,Sean Burke,Texas Rangers,9,measured,596.0,0.3114408548785737,0.3115500182251872,0.00010916334661348337,0.026396267391528005,0.2928823344286162,0.3115500182251872,0.3149700472092945,0.28966252657563785,-0.025307520633656655,0.2961566159783469,0.2929408682605709,-0.022029178948723582,0.228,0.23675139442231075,0.24328411290052565,0.22187769388113718,-0.021406419019388473,0.371,0.3921043824701196,0.3953294405196371,0.3679734190937101,-0.02735602142592697,37.5,41.09984063745021,39.14915053338601,39.36851765378728,0.21936712040126594,89.2,89.42608233731741,88.88720433419947,89.73887800311796,0.8516736689184938,17.9,13.521620185922975,14.015506549516488,17.406113636406488,3.3906070868900002,26.5,23.10895086321381,22.09159339739512,27.720372490079153,5.628779092684034,7.0,8.670756972111555,8.918549569759266,6.805512301079154,-2.113037268680112,0.2879087981763362,5.4464846967563885,5.520833333333333,0.6030123811740243,0.39698761882597566,0.28468282309878923,-0.030287224110505273,7.0,1319.2470995742237,4.114093959731544,4.151289650845613,False,,,starter_bullpen_sequential,xw+plat_consol_v12,xwOBA,2026-08-27T06:56:28.830061+00:00,2026-08-26T23:40:00Z,posted,posted,9,9,0,0
824878,2026-08-26,2026-08-26T23:15:00Z,Los Angeles Dodgers @ Atlanta Braves,away,Roki Sasaki,Atlanta Braves,9,measured,493.0,0.32692698602766707,0.32658780940084103,-0.0003391766268260321,0.024469336245643757,0.3031575924799766,0.32658780940084103,0.3149700472092945,0.314452387552161,-0.0005176596571335179,0.31665768081101087,0.32833769186090095,0.013367644651606447,0.242,0.25163160690571046,0.24328411290052565,0.25030343389533494,0.007019320994809286,0.4,0.42914103585657365,0.3953294405196371,0.4342110572817377,0.03888161676210061,43.9,43.05195219123506,39.14915053338601,48.27641661301085,9.127266079624839,89.8,90.10629482071714,88.88720433419947,91.01909048651767,2.131886152318202,12.5,15.716679946879152,14.015506549516488,14.201173397362666,0.18566684784617848,23.1,21.683107569721113,22.09159339739512,22.6728681743535,0.5812747769583808,9.3,8.769614873837982,8.918549569759266,9.144695299248607,0.22614572948934075,0.2804887548851374,5.540230610325102,5.643939393939394,0.6267489845094633,0.37325101549053674,0.29113670986091494,-0.023833337348379557,7.0,1140.6775606469002,4.282122905027933,4.083637447993201,False,,,starter_bullpen_sequential,xw+plat_consol_v12,xwOBA,2026-08-27T06:56:28.830061+00:00,2026-08-26T23:15:00Z,posted,posted,9,9,0,0
824878,2026-08-26,2026-08-26T23:15:00Z,Los Angeles Dodgers @ Atlanta Braves,home,AJ Smith-Shawver,Los Angeles Dodgers,9,measured,40.0,0.33465829984066847,0.3366899067463789,0.0020316069057104147,0.028345206529006284,0.3049229600077461,0.3366899067463789,0.3149700472092945,0.32512709063924006,0.010157043429945556,0.3286928908637818,0.35135905700768705,0.036389009798392546,0.292,0.26245099601593624,0.24328411290052565,0.3150049130745676,0.07172080017404198,0.441,0.436718459495352,0.3953294405196371,0.4871704985702516,0.09184105805061449,35.7,42.27460823373174,39.14915053338601,38.55009606548651,-0.5990544678995064,88.7,90.1217529880478,88.88720433419947,89.93454865384835,1.0473443196488859,16.5,14.70887118193891,14.015506549516488,17.193364632422423,3.177858082905935,17.5,21.192164674634796,22.09159339739512,16.787511662686967,-5.304081734708152,12.5,9.152642762284197,8.918549569759266,12.828098743374548,3.9095491736152823,0.27706999106215685,4.542197192024343,4.333333333333333,0.539546771929161,0.460453228070839,0.29438917435890843,-0.020580872850386067,7.0,991.9583333333333,4.609756097560976,4.008477977672616,False,,,starter_bullpen_sequential,xw+plat_consol_v12,xwOBA,2026-08-27T06:56:28.830061+00:00,2026-08-26T23:15:00Z,posted,posted,9,9,0,0
824963,2026-08-26,2026-08-27T01:05:00Z,Minnesota Twins @ Athletics,away,Connor Prielipp,Athletics,9,measured,408.0,0.31007865579717814,0.3133902095820387,0.003311553784860588,0.004853180540973841,0.31232938036735935,0.3133902095820387,0.3149700472092945,0.30944422249905956,-0.005525824710234939,0.31820670220655406,0.316610630053519,0.0016405828442245252,0.239,0.2498191235059761,0.24328411290052565,0.2454199323008867,0.002135819400361061,0.402,0.3786852589641434,0.3953294405196371,0.3850749741873168,-0.0102544663323203,41.8,33.74138114209828,39.14915053338601,36.02606218842325,-3.1230883449627598,90.4,88.35166002656042,88.88720433419947,89.86445569236098,0.9772513581615101,12.3,7.863452855245685,14.015506549516488,6.147946305729199,-7.867560243787288,24.8,20.406826029216468,22.09159339739512,22.908681887303015,0.8170884899078956,9.3,6.104090305444887,8.918549569759266,6.365165030099145,-2.5533845396601214,0.3039618033061063,5.298414228145295,5.326388888888889,0.5874086660586999,0.4125913339413001,0.29924136665672885,-0.015728680552565655,8.0,1153.6923076923076,4.343434343434343,4.3668784582833355,False,,,starter_bullpen_sequential,xw+plat_consol_v12,xwOBA,2026-08-27T06:56:28.830061+00:00,2026-08-27T01:05:00Z,posted,posted,9,9,0,0
824963,2026-08-26,2026-08-27T01:05:00Z,Minnesota Twins @ Athletics,home,J.T. Ginn,Minnesota Twins,9,measured,555.0,0.3193518791440128,0.3182482934866423,-0.0011035856573705094,0.017400162162998625,0.30657873449608575,0.3182482934866423,0.3149700472092945,0.3101872509704456,-0.004782796238848919,0.30736947285638083,0.31056861143825437,-0.00440143577104013,0.237,0.2516841965471448,0.24328411290052565,0.2451831065765595,0.0018989936760338555,0.357,0.40366799468791503,0.3953294405196371,0.36453008385654834,-0.03079935666308875,35.1,38.14802124833997,39.14915053338601,34.20241633786794,-4.946734195518076,87.4,88.7126427622842,88.88720433419947,87.22543842808476,-1.6617659061147094,10.2,15.347888446215142,14.015506549516488,11.532381896698652,-2.4831246528178355,21.3,18.978459495351927,22.09159339739512,18.298416957948415,-3.793176439446704,9.9,8.679787516600266,8.918549569759266,9.634963145320288,0.7164135755610221,0.30534370456989035,5.590646472873092,5.710144927536232,0.6096600161191021,0.39033998388089786,0.30959161578431915,-0.0053784314249753495,6.0,891.2826086956522,4.192771084337349,4.401963848110005,False,,,starter_bullpen_sequential,xw+plat_consol_v12,xwOBA,2026-08-27T06:56:28.830061+00:00,2026-08-27T01:05:00Z,posted,posted,9,9,0,0
825039,2026-08-26,2026-08-26T19:40:00Z,Chicago Cubs @ Arizona Diamondbacks,away,Matthew Boyd,Arizona Diamondbacks,9,measured,381.0,0.31196595376733915,0.31967511711395274,0.00770916334661359,0.01537177832908938,0.32613670827746627,0.31967511711395274,0.3149700472092945,0.3284304837942204,0.013460436584925906,0.3363804671952796,0.34140536917163705,0.02643532196234255,0.268,0.25146958831341304,0.24328411290052565,0.2770170598667525,0.03373294696622686,0.449,0.3813083665338646,0.3953294405196371,0.43307540250142557,0.03774596198178848,37.1,36.34454183266933,39.14915053338601,34.442190535964365,-4.706959997421649,88.1,88.1408764940239,88.88720433419947,87.35367215982443,-1.5335321743750399,15.1,13.998778220451527,14.015506549516488,15.08327167093504,1.067765121418553,18.6,20.53750332005312,22.09159339739512,17.291535059577477,-4.800058337817642,7.3,7.847675962815406,8.918549569759266,6.423469879317922,-2.4950796904413437,0.30656638149502796,5.912510055554702,6.1328125,0.6564121059822781,0.34358789401772194,0.3036424397922119,-0.011327607417082608,7.0,980.3191489361702,4.134020618556701,4.143813971613299,False,,,starter_bullpen_sequential,xw+plat_consol_v12,xwOBA,2026-08-27T06:56:28.830061+00:00,2026-08-26T19:40:00Z,posted,posted,9,9,0,0
825039,2026-08-26,2026-08-26T19:40:00Z,Chicago Cubs @ Arizona Diamondbacks,home,Eduardo Rodriguez,Chicago Cubs,9,measured,635.0,0.32284652435625866,0.32739499713182296,0.004548472775564305,0.01316723973889331,0.3133350705490273,0.32739499713182296,0.3149700472092945,0.32435890546934304,0.009388858260048538,0.32709116288561835,0.33999426702191377,0.025024219812619264,0.264,0.24719176626826025,0.24328411290052565,0.2682403939853802,0.024956281084854537,0.436,0.4016414342629483,0.3953294405196371,0.4429613567572056,0.04763191623756852,34.7,38.981062416998675,39.14915053338601,34.551014452186735,-4.598136081199279,87.7,88.2639309428951,88.88720433419947,87.07672660869564,-1.81047772550383,14.9,15.7732005312085,14.015506549516488,16.657693981692013,2.6421874321755254,17.3,20.561115537848607,22.09159339739512,16.101477716257595,-5.9901156811375245,7.7,10.327436918990703,8.918549569759266,8.916389784485425,-0.002159785273841308,0.2847682489497611,6.022495091133617,6.27724358974359,0.6749729388331063,0.3250270611668937,0.2918894676970897,-0.023080579512204824,10.0,1197.0,4.080246913580247,3.974143760261098,False,,,starter_bullpen_sequential,xw+plat_consol_v12,xwOBA,2026-08-27T06:56:28.830061+00:00,2026-08-26T19:40:00Z,posted,posted,9,9,0,0
