game_pk,game_date,game_datetime_utc,matchup,side,pitcher,opp_team,n_opp,starter_rate_basis,starter_rate_bf,opp_xwOBA_neutral,opp_xwOBA_vs_sp,platoon_delta_sp,opp_xwOBA_sd,pit_xwOBA,opp_xwOBA,lg_xwOBA,mx_xwOBA,edge_xwOBA,starter_xwOBA,mx_xwOBA_sp,edge_xwOBA_sp,pit_xBA,opp_xBA,lg_xBA,mx_xBA,edge_xBA,pit_xSLG,opp_xSLG,lg_xSLG,mx_xSLG,edge_xSLG,pit_Hard Hit%,opp_Hard Hit%,lg_Hard Hit%,mx_Hard Hit%,edge_Hard Hit%,pit_EV,opp_EV,lg_EV,mx_EV,edge_EV,pit_LA°,opp_LA°,lg_LA°,mx_LA°,edge_LA°,pit_K%,opp_K%,lg_K%,mx_K%,edge_K%,pit_BB%,opp_BB%,lg_BB%,mx_BB%,edge_BB%,bullpen_xwOBA,expected_sp_ip,expected_sp_ip_raw,sp_share,bp_share,mx_xwOBA_bp,edge_xwOBA_bp,bullpen_pitchers,bullpen_relief_bf,sp_bf_per_ip,bp_bf_per_ip,opener,opener_reason,opener_confidence,pitching_basis,model_tag,model_metric,snapshot_utc,scheduled_start_utc
822695,2026-08-24,2026-08-24T22:45:00Z,Colorado Rockies @ Washington Nationals,away,Ryan Feltner,Washington Nationals,9,measured,408.0,0.31110659863330326,0.3114016849546844,0.0002950863213811439,0.02564451388776997,0.3462141878297843,0.3114016849546844,0.31620328919466567,0.34082717474802937,0.0246238855533637,0.3642289939359578,0.3586981106675984,0.04249482147293271,0.267,0.24600292164674636,0.24322106807946303,0.27005382633309544,0.026832758253632405,0.498,0.40188897742363877,0.39539103448740126,0.5061842411688507,0.11079320668144949,38.8,36.59601593625498,39.16966494099273,36.25063988843775,-2.9190250525549786,87.5,88.24616201859232,88.88737679754402,86.8587852210483,-2.028591576495728,13.9,13.428525896414344,14.022079495879787,13.306446400534558,-0.715633095345229,15.7,20.21150066401063,22.101085178428377,14.357691392216594,-7.743393786211783,9.6,7.1324568393094285,8.914570472645023,7.680862007595354,-1.233708465049669,0.3224314981233442,5.137129803926653,5.107456140350877,0.5689979565537276,0.43100204344627235,0.31723441880972736,0.0010311296150616878,8.0,1173.7145454545455,4.434782608695652,4.46736444053341,False,,,starter_bullpen_sequential,shadow_woba+plat_consol_v1,wOBA,2026-08-24T21:46:49.934299+00:00,2026-08-24T22:45:00Z
822695,2026-08-24,2026-08-24T22:45:00Z,Colorado Rockies @ Washington Nationals,home,Cade Cavalli,Colorado Rockies,9,measured,600.0,0.3237469532955597,0.3258733809184017,0.0021264276228419865,0.023887677764216044,0.3025373392735319,0.3258733809184017,0.31620328919466567,0.3110688526088856,-0.005134436585780056,0.30402904131352365,0.3133268216233652,-0.002876467571300445,0.24,0.23661328021248343,0.24322106807946303,0.23347972155291669,-0.009741346526546346,0.372,0.38911527224435594,0.39539103448740126,0.36609550710364613,-0.029295527383755127,41.4,35.47171314741036,39.16966494099273,37.49148547773026,-1.6781794632624738,89.2,87.124807436919,88.88737679754402,87.43743063937498,-1.4499461581690412,7.8,17.20480743691899,14.022079495879787,10.982727941039204,-3.0393515548405823,27.0,23.871420982735724,22.101085178428377,29.16274749997128,7.061662321542904,7.0,7.168977423638778,8.914570472645023,5.629305654093035,-3.2852648185519877,0.2998550216048346,5.802861200644701,5.981481481481481,0.642622185782559,0.35737781421744097,0.30700866497051327,-0.009194624224152403,9.0,841.0,4.205607476635515,4.245035252590587,False,,,starter_bullpen_sequential,shadow_woba+plat_consol_v1,wOBA,2026-08-24T21:46:49.934299+00:00,2026-08-24T22:45:00Z
823097,2026-08-24,2026-08-25T01:40:00Z,Philadelphia Phillies @ Seattle Mariners,away,Zack Wheeler,Seattle Mariners,9,measured,474.0,0.31841907931212476,0.31739650295090305,-0.0010225763612217165,0.02254961105005423,0.28729289990119755,0.31739650295090305,0.31620328919466567,0.2888389941301014,-0.02736429506456428,0.2788751374903599,0.27992749102903935,-0.036275798165626316,0.204,0.2349189907038513,0.24322106807946303,0.1970366896338459,-0.046184378445617125,0.316,0.3841742363877822,0.39539103448740126,0.3070354360865191,-0.08835559840088214,35.0,40.00921646746349,39.16966494099273,35.75018010674185,-3.4194848342508806,86.7,89.17096945551128,88.88737679754402,86.98359265796725,-1.9037841395767714,14.5,14.565604249667995,14.022079495879787,15.043524753788208,1.0214452579084217,30.4,23.231527224435588,22.101085178428377,31.954920852129078,9.8538356737007,7.0,10.136042496679947,8.914570472645023,7.959138098070083,-0.95543237457494,0.2963370939753532,4.819522714783897,4.69047619047619,0.5179370411287069,0.48206295887129313,0.2984136720082366,-0.017789617186429074,8.0,1259.6470588235295,3.9390581717451525,4.226660338805633,False,,,starter_bullpen_sequential,shadow_woba+plat_consol_v1,wOBA,2026-08-24T21:46:49.934299+00:00,2026-08-25T01:40:00Z
823097,2026-08-24,2026-08-25T01:40:00Z,Philadelphia Phillies @ Seattle Mariners,home,Logan Gilbert,Philadelphia Phillies,9,measured,594.0,0.3274273789521928,0.3287607122855261,0.0013333333333332975,0.02704361788038463,0.2948362001680619,0.3287607122855261,0.31620328919466567,0.3060664876701578,-0.010136801524507855,0.2877843356188279,0.2992131530435037,-0.01699013615116196,0.233,0.2619070385126162,0.24322106807946303,0.2509007153669034,0.007679647287440361,0.395,0.4121128818061089,0.39539103448740126,0.41170530971814434,0.01631427523074308,41.8,39.757211155378485,39.16966494099273,42.42700132355797,3.257336382565235,89.9,89.44273572377159,88.88737679754402,90.45535892622758,1.5679821286835534,16.8,12.46116865869854,14.022079495879787,15.239089162818754,1.2170096669389672,26.4,19.348844621513948,22.101085178428377,23.11241705482139,1.0113318763930117,6.2,8.82682602921647,8.914570472645023,6.138974564066056,-2.7755959085789668,0.30684974463119924,5.852511734029148,6.046666666666667,0.6301225667564688,0.3698774332435312,0.3177418168945417,0.0015385276998760022,7.0,1005.0,3.951219512195122,4.312629338189548,False,,,starter_bullpen_sequential,shadow_woba+plat_consol_v1,wOBA,2026-08-24T21:46:49.934299+00:00,2026-08-25T01:40:00Z
823183,2026-08-24,2026-08-25T01:45:00Z,Cincinnati Reds @ San Francisco Giants,away,Chase Burns,San Francisco Giants,9,measured,548.0,0.3094269751885148,0.3096909858126848,0.00026401062416997467,0.020840491967282944,0.29034967839838155,0.3096909858126848,0.31620328919466567,0.28426822486400977,-0.031935064330655905,0.2805128532707818,0.27473560532469926,-0.04146768386996641,0.201,0.23799176626826027,0.24322106807946303,0.19667845963200709,-0.046542608447455946,0.331,0.38699654714475434,0.39539103448740126,0.32397258898644893,-0.07141844550095233,36.9,38.82746347941567,39.16966494099273,36.57762721608122,-2.5920377249115134,89.2,88.35213811420982,88.88737679754402,88.66476131666579,-0.22261548087823257,18.9,13.618034528552458,14.022079495879787,18.49595503267267,4.473875536792882,29.0,22.69827357237716,22.101085178428377,29.783602401633125,7.682517223204748,8.8,7.104860557768924,8.914570472645023,7.013548560777212,-1.9010219118678107,0.30517982264752513,5.563071692822087,5.666666666666666,0.6012146860297262,0.39878531397027384,0.2986397442319337,-0.01756354496273199,8.0,1322.0,4.029411764705882,4.3260885974967405,False,,,starter_bullpen_sequential,shadow_woba+plat_consol_v1,wOBA,2026-08-24T21:46:49.934299+00:00,2026-08-25T01:45:00Z
823183,2026-08-24,2026-08-25T01:45:00Z,Cincinnati Reds @ San Francisco Giants,home,Carson Whisenhunt,Cincinnati Reds,9,measured,153.0,0.31930163893424446,0.3276981860789988,0.008396547144754352,0.01971807511210952,0.3303823867496832,0.3276981860789988,0.31620328919466567,0.33865874792847106,0.02245545873380539,0.35599339493860305,0.3689347763415134,0.05273148714684772,0.279,0.21994741035856574,0.24322106807946303,0.2523026807447088,0.009081612665245764,0.485,0.377459229747676,0.39539103448740126,0.4630042425341238,0.06761320804672255,47.7,37.392005312085,39.16966494099273,45.53520322610271,6.365538285109977,91.6,89.0815139442231,88.88737679754402,91.79413714667908,2.9067603491350553,16.1,17.473492695883134,14.022079495879787,19.551413200003346,5.529333704123559,15.0,27.22223107569721,22.101085178428377,18.475720211874908,-3.6253649665534695,13.1,10.430358565737052,8.914570472645023,15.32745718152519,6.412886708880167,0.30114499971001935,4.583763282723007,4.3809523809523805,0.533058203759935,0.46694179624006504,0.3040957992852021,-0.012107489909463587,8.0,804.2357723577236,4.78125,4.347097768846644,False,,,starter_bullpen_sequential,shadow_woba+plat_consol_v1,wOBA,2026-08-24T21:46:49.934299+00:00,2026-08-25T01:45:00Z
823260,2026-08-24,2026-08-25T01:40:00Z,Pittsburgh Pirates @ San Diego Padres,away,Braxton Ashcraft,San Diego Padres,9,measured,602.0,0.3128553966636583,0.3111225945388243,-0.0017328021248340097,0.02464714164350538,0.29180093851399586,0.3111225945388243,0.31620328919466567,0.2876319781067865,-0.028571311087879192,0.2954477619935421,0.29070056322383936,-0.025502725970826312,0.227,0.2469742363877822,0.24322106807946303,0.23050285940570786,-0.012718208673755171,0.367,0.39719123505976095,0.39539103448740126,0.368670937255602,-0.026720097231799245,41.4,41.24810092961488,39.16966494099273,43.59678289458393,4.4271179535912,89.7,89.50483399734397,88.88737679754402,90.31745719979995,1.4300804022559248,11.3,10.700398406374502,14.022079495879787,7.978318910494714,-6.043760585385073,26.4,20.221221779548472,22.101085178428377,24.15448158632188,2.0533964078935014,5.5,9.400371845949534,8.914570472645023,5.79972364472004,-3.114846827924983,0.2845060645060174,6.094981242233309,6.365,0.6667040480963564,0.3332959519036436,0.28149377538400383,-0.03470951381066184,7.0,861.0210449927431,4.03125,4.228244680849359,False,,,starter_bullpen_sequential,shadow_woba+plat_consol_v1,wOBA,2026-08-24T21:46:49.934299+00:00,2026-08-25T01:40:00Z
823260,2026-08-24,2026-08-25T01:40:00Z,Pittsburgh Pirates @ San Diego Padres,home,Robbie Ray,Pittsburgh Pirates,9,measured,578.0,0.3290329137992943,0.3300714264154961,0.0010385126162018032,0.02718379506060653,0.29679046531311437,0.3300714264154961,0.31620328919466567,0.30946282360449573,-0.006740465590169942,0.31091493940924275,0.32455113862372675,0.008347849429061083,0.24,0.23925949535192564,0.24322106807946303,0.2360908918700318,-0.007130176209431238,0.415,0.3929702523240372,0.39539103448740126,0.4124591619177746,0.017068127430373337,38.3,40.97120849933599,39.16966494099273,40.06154476655571,0.891879825562981,89.2,89.4086321381142,88.88737679754402,89.7212553405702,0.8338785430261737,18.9,11.437078353253652,14.022079495879787,16.314998857373865,2.2929193614940786,20.2,23.997742363877826,22.101085178428377,21.933511039696526,-0.167574138731851,11.8,9.913678618857903,8.914570472645023,13.12249514000577,4.207924667360746,0.27400401770723964,5.380584824736496,5.427083333333334,0.6173361854748308,0.3826638145251692,0.28512145009163115,-0.031081839103034525,7.0,1460.4954667973536,4.4,4.054519731287005,False,,,starter_bullpen_sequential,shadow_woba+plat_consol_v1,wOBA,2026-08-24T21:46:49.934299+00:00,2026-08-25T01:40:00Z
823828,2026-08-24,2026-08-24T22:40:00Z,Boston Red Sox @ Miami Marlins,away,Ranger Suarez,Miami Marlins,9,measured,467.0,0.3243903962193348,0.3276552036562538,0.0032648074369189817,0.012389395098495765,0.28780474927564936,0.3276552036562538,0.31620328919466567,0.2968580092299539,-0.019345279964711748,0.2896795924505583,0.30017089987010004,-0.016032389324565632,0.249,0.24039229747675964,0.24322106807946303,0.24610401781541794,0.002882949735954904,0.351,0.377667197875166,0.39539103448740126,0.3352660401772646,-0.06012499431013668,32.8,38.95633466135458,39.16966494099273,32.62136091328143,-6.548304027711303,86.4,88.67158034528555,88.88737679754402,86.18420354774153,-2.7031732498024894,13.7,13.284196547144754,14.022079495879787,12.962117051264968,-1.0599624446148184,24.2,21.491102257636125,22.101085178428377,23.53208769777601,1.4310025193476328,7.1,9.196467463479417,8.914570472645023,7.324516553104364,-1.5900539195406589,0.2856439361467843,4.81292804535562,4.681818181818182,0.5354304148359628,0.46456958516403724,0.29303980316049444,-0.023163486034171232,7.0,845.3568181818182,4.120588235294118,4.109660054163285,False,,,starter_bullpen_sequential,shadow_woba+plat_consol_v1,wOBA,2026-08-24T21:46:49.934299+00:00,2026-08-24T22:40:00Z
823828,2026-08-24,2026-08-24T22:40:00Z,Boston Red Sox @ Miami Marlins,home,Sandy Alcantara,Boston Red Sox,9,measured,728.0,0.33128404445119675,0.33034327419887266,-0.0009407702523240857,0.026649498206873453,0.29810824393657276,0.33034327419887266,0.31620328919466567,0.3117208757424541,-0.004482413452211564,0.2966815566660224,0.3099485684449534,-0.006254720749712284,0.249,0.25036520584329347,0.24322106807946303,0.25631388245780007,0.013092814378337037,0.367,0.40121912350597605,0.39539103448740126,0.3724096033628833,-0.022981431124517948,35.2,36.355617529880476,39.16966494099273,32.67114331918917,-6.498521621803562,88.4,87.8641699867198,88.88737679754402,87.3767931891758,-1.510583608368222,12.9,14.894794156706505,14.022079495879787,13.772714660826718,-0.2493648350530684,18.0,19.070650730411685,22.101085178428377,15.531894039413887,-6.569191139014491,6.5,9.369269588313413,8.914570472645023,6.831540847751872,-2.0830296248931512,0.3012183971441797,6.257756002249367,6.578703703703704,0.6855328554267718,0.3144671445732282,0.31558447454225313,-0.000618814652412536,7.0,1002.5198799699925,4.120754716981132,4.313564521630555,False,,,starter_bullpen_sequential,shadow_woba+plat_consol_v1,wOBA,2026-08-24T21:46:49.934299+00:00,2026-08-24T22:40:00Z
823992,2026-08-24,2026-08-25T01:38:00Z,Cleveland Guardians @ Los Angeles Angels,away,Parker Messick,Los Angeles Angels,9,measured,591.0,0.30165722513752724,0.3083581547524011,0.006700929614873841,0.027592826255223267,0.2808250508043635,0.3083581547524011,0.31620328919466567,0.2716342781427648,-0.044569011051900864,0.27412059177925696,0.2673195464726806,-0.04888374272198509,0.218,0.23,0.24322106807946303,0.20614990467692013,-0.037071163402542906,0.327,0.38468393094289516,0.39539103448740126,0.31814491085112084,-0.07724612363628042,32.5,37.64764940239044,39.16966494099273,31.237147609531718,-7.932517331461014,87.2,88.064807436919,88.88737679754402,86.37743063937498,-2.5099461581690434,14.2,14.893652058432934,14.022079495879787,15.071572562553147,1.0494930666733602,25.7,25.324196547144755,22.101085178428377,29.447959048493257,7.346873870064879,6.8,7.656414342629481,8.914570472645023,5.840283352926682,-3.074287119718341,0.2928333541735463,5.932488587520573,6.151666666666666,0.6417173005332167,0.35828269946678326,0.2793623598055757,-0.03684092938908995,8.0,1297.75,3.966442953020134,4.282861462691278,False,,,starter_bullpen_sequential,shadow_woba+plat_consol_v1,wOBA,2026-08-24T21:46:49.934299+00:00,2026-08-25T01:38:00Z
823992,2026-08-24,2026-08-25T01:38:00Z,Cleveland Guardians @ Los Angeles Angels,home,George Klassen,Cleveland Guardians,9,measured,101.0,0.31432654163000284,0.3158282680576257,0.0015017264276228626,0.020908428120112378,0.31045089575854445,0.3158282680576257,0.31620328919466567,0.3094061542955665,-0.0067971348990991665,0.3176086015893859,0.31723191373390824,0.001028624539242573,0.246,0.2574717131474104,0.24322106807946303,0.2604134663760695,0.01719239829660646,0.381,0.3970108897742364,0.39539103448740126,0.382560897467198,-0.012830137020203247,41.0,36.277662682602916,39.16966494099273,37.97285915586448,-1.1968057851282552,89.3,88.4637715803453,88.88737679754402,88.87639478280127,-0.01098201474275129,4.6,14.7130411686587,14.022079495879787,5.290961672778913,-8.731117823100874,20.8,18.496573705179284,22.101085178428377,17.407685186573605,-4.693399991854772,17.8,8.810996015936256,8.914570472645023,17.59318966235408,8.678619189709059,0.30241347947951336,4.5474926008674865,4.333333333333334,0.5289471332256692,0.4710528667743308,0.3006185779698552,-0.015584711224810477,7.0,366.0,4.66153846153846,4.239884310870507,False,,,starter_bullpen_sequential,shadow_woba+plat_consol_v1,wOBA,2026-08-24T21:46:49.934299+00:00,2026-08-25T01:38:00Z
824235,2026-08-24,2026-08-24T22:40:00Z,Tampa Bay Rays @ Detroit Tigers,away,Drew Rasmussen,Detroit Tigers,9,measured,529.0,0.32288552572231216,0.3230589652973453,0.00017343957503312968,0.018417893009469763,0.2718402486933561,0.3230589652973453,0.31620328919466567,0.27767641355637374,-0.038526875638291935,0.2647302526541599,0.27046993003512526,-0.04573335915954041,0.229,0.2586239043824701,0.24322106807946303,0.24350223675621818,0.0002811686767551502,0.35,0.4084390438247012,0.39539103448740126,0.36155009312230746,-0.0338409413650938,32.9,37.602948207171316,39.16966494099273,31.58405868111523,-7.585606259877501,88.0,87.75492695883135,88.88737679754402,86.86755016128731,-2.0198266362567097,12.6,15.071102257636124,14.022079495879787,13.649022761756335,-0.37305673412345186,26.1,21.303081009296147,22.101085178428377,25.157606961549558,3.0565217831211804,4.7,7.777636122177956,8.914570472645023,4.100577799727716,-4.813992672917307,0.28393224340705386,5.701920396800256,5.848958333333334,0.6297260981586152,0.37027390184138476,0.28993250486259864,-0.026270784332067032,7.0,1204.3916666666667,3.9379652605459055,4.003163304624066,False,,,starter_bullpen_sequential,shadow_woba+plat_consol_v1,wOBA,2026-08-24T21:46:49.934299+00:00,2026-08-24T22:40:00Z
824235,2026-08-24,2026-08-24T22:40:00Z,Tampa Bay Rays @ Detroit Tigers,home,Framber Valdez,Tampa Bay Rays,9,measured,613.0,0.32590178712028084,0.33277562510168857,0.006873837981407727,0.027205680229028768,0.3165579366660113,0.33277562510168857,0.31620328919466567,0.33075592072769633,0.014552631533030658,0.3194675019908367,0.33621091654497903,0.02000762735031336,0.258,0.25370278884462155,0.24322106807946303,0.2691186254495329,0.02589755737006988,0.391,0.392537583001328,0.39539103448740126,0.3881782376590783,-0.007212796828322987,43.7,36.62371845949536,39.16966494099273,40.85959119361782,1.6899262526250851,90.2,88.27917662682604,88.88737679754402,89.59179982928202,0.7044230317380027,6.2,11.389694555112882,14.022079495879787,3.567615059233095,-10.454464436646692,18.1,19.222788844621515,22.101085178428377,15.742778025544496,-6.3583071528838815,8.8,7.46223107569721,8.914570472645023,7.366326136255374,-1.548244336389649,0.31124079741458904,5.719216978210106,5.871666666666666,0.6463267523637675,0.35367324763623254,0.32078708719474963,0.004583798000083961,7.0,1148.7181818181818,4.4206730769230775,4.216941159361666,False,,,starter_bullpen_sequential,shadow_woba+plat_consol_v1,wOBA,2026-08-24T21:46:49.934299+00:00,2026-08-24T22:40:00Z
824557,2026-08-24,2026-08-24T23:40:00Z,Texas Rangers @ Chicago White Sox,away,Kumar Rocker,Chicago White Sox,9,measured,528.0,0.32659987725140904,0.32810293170028015,0.0015030544488711106,0.026163872632705105,0.31279779295688126,0.32810293170028015,0.31620328919466567,0.3239697429615399,0.007766453766874237,0.3286438358590232,0.34101165204574424,0.02480836285107857,0.259,0.2368839309428951,0.24322106807946303,0.25225174200026595,0.009030673920802923,0.43,0.4056175298804781,0.39539103448740126,0.44112163057699066,0.045730596089589404,40.6,40.244116865869856,39.16966494099273,41.7136870385725,2.54402209757977,89.1,88.82459495351927,88.88737679754402,89.03721815597524,0.1498413584312175,12.6,15.007968127490042,14.022079495879787,13.585888631610253,-0.436190864269534,20.6,23.462470119521914,22.101085178428377,21.868920940311998,-0.2321642381163791,9.1,10.232616201859232,8.914570472645023,10.445462035737378,1.5308915630923554,0.2919626965018698,5.033643387783254,4.971590909090909,0.5680057059336762,0.43199429406632384,0.3015622673703348,-0.014641021824330858,8.0,1245.4764424810674,4.363636363636363,4.211769060504248,False,,,starter_bullpen_sequential,shadow_woba+plat_consol_v1,wOBA,2026-08-24T21:46:49.934299+00:00,2026-08-24T23:40:00Z
824557,2026-08-24,2026-08-24T23:40:00Z,Texas Rangers @ Chicago White Sox,home,José Urquidy,Texas Rangers,9,measured,71.0,0.3183595855509472,0.31746662406356335,-0.0008929614873838254,0.016655043841933285,0.31115154580786775,0.31746662406356335,0.31620328919466567,0.3127591094648936,-0.0034441797297720678,0.33397268373957056,0.3353070131126208,0.019103723917955118,0.226,0.23297397078353257,0.24322106807946303,0.216478440016867,-0.02674262806259603,0.346,0.38746135458167336,0.39539103448740126,0.33906087137018964,-0.05633016311721162,34.6,41.36273572377158,39.16966494099273,36.537219764285915,-2.632445176706817,88.1,89.38549800796812,88.88737679754402,88.5981212104241,-0.28925558711992494,17.3,14.213811420982736,14.022079495879787,17.49173192510295,3.4696524292231636,23.9,23.759973439575035,22.101085178428377,25.693913245495413,3.5928280670670354,2.8,8.725737051792828,8.914570472645023,2.7406888329607577,-6.173881639684265,0.2837846972322104,5.207619010637977,5.2,0.5452868401413934,0.4547131598586066,0.2857199203292527,-0.030483368865412974,8.0,1305.3597619047619,3.620689655172414,4.146016734905327,False,,,starter_bullpen_sequential,shadow_woba+plat_consol_v1,wOBA,2026-08-24T21:46:49.934299+00:00,2026-08-24T23:40:00Z
824964,2026-08-24,2026-08-25T01:40:00Z,Minnesota Twins @ Athletics,away,Zebby Matthews,Athletics,9,measured,410.0,0.3131417386893105,0.31263177852994795,-0.0005099601593625547,0.018666206976615588,0.3245775394335324,0.31263177852994795,0.31620328919466567,0.32111065412715584,0.004907364932490166,0.3377457429793463,0.3339309106729336,0.017727621478267952,0.257,0.24372031872509958,0.24322106807946303,0.2575275341356806,0.014306466056217548,0.44,0.37658273572377166,0.39539103448740126,0.4190697038269321,0.023678669339530833,42.7,38.42480743691899,39.16966494099273,41.88800899951884,2.7183440585261067,90.7,88.45673306772908,88.88737679754402,90.26935627018506,1.381979472641035,13.0,10.810491367861886,14.022079495879787,9.788411871982099,-4.233667623897688,19.8,21.07758300132802,22.101085178428377,18.88306117355871,-3.218024004869669,7.6,7.791952191235059,8.914570472645023,6.64292652518745,-2.271643947457573,0.30520877292248855,5.4099880796965785,5.465686274509805,0.5952848859988293,0.40471511400117066,0.30225367376662743,-0.013949615428038242,8.0,1121.6,4.241379310344827,4.345423395872094,False,,,starter_bullpen_sequential,shadow_woba+plat_consol_v1,wOBA,2026-08-24T21:46:49.934299+00:00,2026-08-25T01:40:00Z
824964,2026-08-24,2026-08-25T01:40:00Z,Minnesota Twins @ Athletics,home,Jeffrey Springs,Minnesota Twins,9,measured,504.0,0.3273960162157186,0.33570332033258454,0.008307304116865921,0.01803137402450439,0.340204840279131,0.33570332033258454,0.31620328919466567,0.35708439438168904,0.04088110518702337,0.3610932598004413,0.3833616233830426,0.06715833418837691,0.257,0.24534342629482073,0.24322106807946303,0.2592425938083979,0.016021525728934893,0.458,0.4168390438247012,0.39539103448740126,0.4828442362614987,0.08745320177409743,35.3,39.44552456839309,39.16966494099273,35.548606794617776,-3.6210581463749563,87.7,89.2361752988048,88.88737679754402,88.04879850126079,-0.8385782962832309,17.6,16.606560424966798,14.022079495879787,20.18448092908701,6.162401433207222,17.7,20.7933598937583,22.101085178428377,16.65268773674278,-5.4483974416855965,9.3,7.9630013280212495,8.914570472645023,8.307288901674323,-0.6072815709707005,0.31847259661699534,4.59440793935452,4.394927536231885,0.5098992375739596,0.4901007624260404,0.3297456508812268,0.013542361686561144,7.0,929.3398692810457,4.4340175953079175,4.444508085745603,False,,,starter_bullpen_sequential,shadow_woba+plat_consol_v1,wOBA,2026-08-24T21:46:49.934299+00:00,2026-08-25T01:40:00Z
825041,2026-08-24,2026-08-25T01:40:00Z,Chicago Cubs @ Arizona Diamondbacks,away,Kevin Gausman,Arizona Diamondbacks,9,measured,609.0,0.32583538876060447,0.3237254286012419,-0.002109960159362545,0.019110289139600643,0.3103815139484518,0.3237254286012419,0.31620328919466567,0.31853650664076105,0.0023332174460953814,0.316028672664974,0.32354665813032346,0.00734336893565779,0.251,0.25578698539176625,0.24322106807946303,0.263967812658226,0.020746744578762966,0.406,0.39616042496679943,0.39539103448740126,0.4067900344403121,0.011398999952910827,39.3,39.299681274900394,39.16966494099273,39.430448956616516,0.26078401562378417,88.4,88.76363877822045,88.88737679754402,88.27626198067642,-0.6111148168675982,15.5,12.993891102257637,14.022079495879787,14.471811606377848,0.4497321104980614,23.5,19.010252324037186,22.101085178428377,20.21352915516169,-1.8875560232666864,6.6,9.58820717131474,8.914570472645023,7.098734316461235,-1.8158361561837877,0.3013089367644528,5.455654673480735,5.5256410256410255,0.6163546170470195,0.38364538295298045,0.310487328571869,-0.0057159606227966675,7.0,953.3191489361702,4.3125,4.1317998424984905,False,,,starter_bullpen_sequential,shadow_woba+plat_consol_v1,wOBA,2026-08-24T21:46:49.934299+00:00,2026-08-25T01:40:00Z
825041,2026-08-24,2026-08-25T01:40:00Z,Chicago Cubs @ Arizona Diamondbacks,home,Merrill Kelly,Chicago Cubs,9,measured,565.0,0.3342930520503516,0.33268720875685887,-0.0016058432934927258,0.023383005640677367,0.3253684062048747,0.33268720875685887,0.31620328919466567,0.3428752372206,0.02667194802593431,0.3585117728112279,0.37720126601723114,0.06099797682256547,0.305,0.23797795484727752,0.24322106807946303,0.2984251191788447,0.055204051099381646,0.554,0.3937768924302789,0.39539103448740126,0.5517383536255316,0.15634731913813033,44.0,38.97418326693228,39.16966494099273,43.780411865365274,4.610746924372542,90.3,88.42292164674635,88.88737679754402,89.83554484920231,0.9481680516582855,13.4,16.84374501992032,14.022079495879787,16.22166552404053,2.199586028160745,14.9,22.30268260292165,22.101085178428377,15.035911951865677,-7.065173226562701,10.1,11.005232403718459,8.914570472645023,12.468671106323814,3.5541006336787913,0.273930206706455,5.260881718449726,5.269927536231884,0.6081490550163396,0.39185094498366035,0.2896015569031891,-0.026601732291476554,9.0,1155.0,4.37984496124031,3.970625557427289,False,,,starter_bullpen_sequential,shadow_woba+plat_consol_v1,wOBA,2026-08-24T21:46:49.934299+00:00,2026-08-25T01:40:00Z
