game_pk,game_date,game_datetime_utc,matchup,side,pitcher,opp_team,n_opp,starter_rate_basis,starter_rate_bf,opp_xwOBA_neutral,opp_xwOBA_vs_sp,platoon_delta_sp,pit_xwOBA,opp_xwOBA,lg_xwOBA,mx_xwOBA,edge_xwOBA,starter_xwOBA,mx_xwOBA_sp,edge_xwOBA_sp,pit_xBA,opp_xBA,lg_xBA,mx_xBA,edge_xBA,pit_xSLG,opp_xSLG,lg_xSLG,mx_xSLG,edge_xSLG,pit_Hard Hit%,opp_Hard Hit%,lg_Hard Hit%,mx_Hard Hit%,edge_Hard Hit%,pit_EV,opp_EV,lg_EV,mx_EV,edge_EV,pit_LA°,opp_LA°,lg_LA°,mx_LA°,edge_LA°,pit_K%,opp_K%,lg_K%,mx_K%,edge_K%,pit_BB%,opp_BB%,lg_BB%,mx_BB%,edge_BB%,bullpen_xwOBA,expected_sp_ip,sp_share,bp_share,mx_xwOBA_bp,edge_xwOBA_bp,bullpen_pitchers,bullpen_relief_bf,sp_bf_per_ip,bp_bf_per_ip,opener,opener_reason,opener_confidence,pitching_basis,model_tag,model_metric,snapshot_utc,scheduled_start_utc
822700,2026-08-09,2026-08-09T16:15:00Z,Cincinnati Reds @ Washington Nationals,away,Brady Singer,Washington Nationals,9,measured,503.0,0.3150826394626938,0.31532035526614666,0.0002377158034528315,0.3201495442868701,0.31532035526614666,0.3155881862873869,0.319800336917314,0.004212150629927136,0.33117867041074267,0.33089760817405833,0.015309421886671448,0.266,0.2712892430278884,0.24355593500206402,0.29628897626660905,0.05273304126454503,0.444,0.5175139442231076,0.39644445528577327,0.5795923947767859,0.18314793949101266,40.9,43.421115537848614,39.219016880709155,45.282206611648654,6.063189730939499,90.6,89.54836653386455,88.8953162998769,91.25305023398764,2.3577339341107404,13.9,12.53503320053121,13.982393340739184,12.452639859792024,-1.5297534809471607,19.3,20.43120849933599,22.137104364468797,17.812732756055144,-4.324371608413653,7.8,7.270278884462152,8.918860659736556,6.358230884221463,-2.5606297755150926,0.29911684964570195,5.854166666666666,0.6560043734041945,0.3439956265958055,0.29863768857402334,-0.016950497713363544,9.0,1048.0,4.428969359331476,4.321935038113427,False,,,starter_bullpen_sequential,shadow_xw+plat_consol_v1,xwOBA,2026-08-10T03:06:36.396072+00:00,2026-08-09T16:15:00Z
822700,2026-08-09,2026-08-09T16:15:00Z,Cincinnati Reds @ Washington Nationals,home,Brad Lord,Cincinnati Reds,9,measured,251.0,0.3223504178093996,0.319559713958138,-0.0027907038512616222,0.3074170754198166,0.319559713958138,0.3155881862873869,0.3130569508597918,-0.002531235427595091,0.3179525904454761,0.3219538730213431,0.006365686733956211,0.248,0.242328818061089,0.24355593500206402,0.24675049236078264,0.003194557358718625,0.399,0.40937184594953524,0.39644445528577327,0.41201072270293937,0.015566267417166102,41.3,40.42374501992032,39.219016880709155,42.56865169264083,3.349634811931672,88.0,89.65875166002657,88.8953162998769,88.76343536014966,-0.1318809397272389,3.8,15.398034528552458,13.982393340739184,5.215641187813274,-8.76675215292591,20.7,24.78956175298805,22.137104364468797,23.18026422238291,1.0431598579141124,8.4,11.32241699867198,8.918860659736556,10.66372784790809,1.7448671881715345,0.30206398817958424,3.0,0.3369136662023334,0.6630863337976667,0.30853643141823184,-0.007051754869155047,8.0,435.0,4.24864864864865,4.180923985337778,False,,,starter_bullpen_sequential,shadow_xw+plat_consol_v1,xwOBA,2026-08-10T03:06:36.396072+00:00,2026-08-09T16:15:00Z
822862,2026-08-09,2026-08-09T18:35:00Z,Baltimore Orioles @ Texas Rangers,away,Cade Povich,Texas Rangers,9,measured,105.0,0.31486924655728066,0.3159213049902156,0.0010520584329349325,0.31779578518081547,0.3159213049902156,0.3155881862873869,0.31768328396916884,0.0020950976817819544,0.3349536540148999,0.3353072139122009,0.019719027624814034,0.264,0.2361808764940239,0.24355593500206402,0.2560058796920466,0.012449944689982562,0.433,0.385317662682603,0.39644445528577327,0.4208472226488833,0.024402767363110034,44.2,38.40911022576361,39.219016880709155,43.28723173103809,4.0682148503289355,91.3,88.67673306772909,88.8953162998769,91.08141676785218,2.1861004679752796,15.1,13.344196547144755,13.982393340739184,14.461803206405571,0.479409865666387,18.1,23.776653386454182,22.137104364468797,19.44054738186837,-2.696556982600427,7.6,7.926401062416998,8.918860659736556,6.7542986007529535,-2.164562058983602,0.297026675703298,4.916666666666667,0.5476078085335943,0.45239219146640575,0.29635002084946255,-0.019238165437924337,8.0,953.0,4.235294117647059,4.2129370950664,False,,,starter_bullpen_sequential,shadow_xw+plat_consol_v1,xwOBA,2026-08-10T03:06:36.396072+00:00,2026-08-09T18:35:00Z
822862,2026-08-09,2026-08-09T18:35:00Z,Baltimore Orioles @ Texas Rangers,home,Kumar Rocker,Baltimore Orioles,9,measured,463.0,0.317953778937853,0.3162985332539221,-0.0016552456839308838,0.31601720298682257,0.3162985332539221,0.3155881862873869,0.31734563299031565,0.0017574467029287666,0.32732881509410733,0.32806558865206914,0.012477402364682255,0.258,0.23895192563081008,0.24355593500206402,0.253122950225896,0.009567015223831965,0.414,0.4201798140770252,0.39644445528577327,0.43878641940519764,0.04234196411942437,40.7,42.322284196547145,39.219016880709155,43.92045246923901,4.701435588529854,88.7,90.33258964143427,88.8953162998769,90.13727334155737,1.2419570416804788,12.4,16.153784860557767,13.982393340739184,14.571391519818585,0.5889981790794003,21.2,24.85179282868526,22.137104364468797,23.799770705953843,1.6626663414850462,8.6,9.108339973439577,8.918860659736556,8.782705186235537,-0.13615547350101842,0.2986198746967837,5.381578947368421,0.6059899128726031,0.39401008712739694,0.3008582759157144,-0.014729910371672483,7.0,1078.3578088578088,4.333333333333333,4.190392049598136,False,,,starter_bullpen_sequential,shadow_xw+plat_consol_v1,xwOBA,2026-08-10T03:06:36.396072+00:00,2026-08-09T18:35:00Z
823020,2026-08-09,2026-08-09T18:15:00Z,Colorado Rockies @ St. Louis Cardinals,away,Michael Lorenzen,St. Louis Cardinals,9,measured,520.0,0.3212889325623785,0.32139809590899204,0.00010916334661353888,0.3270174060162946,0.32139809590899204,0.3155881862873869,0.3329862848817605,0.017398098594373634,0.345831869189157,0.35219855841126263,0.036610372123875745,0.298,0.25403479415670654,0.24355593500206402,0.31082128488495675,0.06726534988289273,0.48,0.40982204515272247,0.39644445528577327,0.49619708145875546,0.0997526261729822,46.4,40.516122177954855,39.219016880709155,47.93460465302495,8.715587772315793,91.1,89.41705179282869,88.8953162998769,91.62173549295179,2.7264191930748893,11.4,12.799946879150067,13.982393340739184,10.217553538410884,-3.7648398023283,15.4,19.90887118193891,22.137104364468797,13.849897039558737,-8.28720732491006,8.3,8.457317397078356,8.918860659736556,7.8704822368896385,-1.048378422846917,0.3069924274555074,4.447463768115943,0.5155835837732459,0.48441641622675413,0.3125379009976441,-0.0030502852897427712,7.0,895.4127416323696,4.848214285714285,4.450005894395586,False,,,starter_bullpen_sequential,shadow_xw+plat_consol_v1,xwOBA,2026-08-10T03:06:36.396072+00:00,2026-08-09T18:15:00Z
823020,2026-08-09,2026-08-09T18:15:00Z,Colorado Rockies @ St. Louis Cardinals,home,Michael McGreevy,Colorado Rockies,9,measured,487.0,0.3129085063394997,0.3132397148388356,0.0003312084993359332,0.3258231035410485,0.3132397148388356,0.3155881862873869,0.3232567365071283,0.007668550219741388,0.33812493393701437,0.3356087537126024,0.02002056742521552,0.289,0.24173413014608236,0.24355593500206402,0.28683827233208564,0.043282337330021625,0.498,0.3961088977423639,0.39644445528577327,0.497578484061538,0.10113402877576472,43.6,35.56324037184594,39.219016880709155,39.53585284732528,0.3168359666161251,90.4,87.43529880478089,88.8953162998769,88.93998250490401,0.04466620502711294,10.8,17.206374501992034,13.982393340739184,14.02398116125285,0.04158782051366572,16.6,22.414130146082336,22.137104364468797,16.80773394293455,-5.329370421534247,6.2,7.761115537848607,8.918860659736556,5.3951864672457726,-3.523674192490783,0.3098957107167932,5.176136363636363,0.5642164752463372,0.4357835247536628,0.3072643659516003,-0.008323820335786603,8.0,1195.0,4.071428571428571,4.256720907306521,False,,,starter_bullpen_sequential,shadow_xw+plat_consol_v1,xwOBA,2026-08-10T03:06:36.396072+00:00,2026-08-09T18:15:00Z
823104,2026-08-09,2026-08-09T20:10:00Z,Tampa Bay Rays @ Seattle Mariners,away,Ian Seymour,Seattle Mariners,9,measured,348.0,0.32651466266763013,0.3262402934777231,-0.0002743691899070311,0.29501165730705764,0.3262402934777231,0.3155881862873869,0.30509176470902755,-0.010496421578359338,0.29542798365417255,0.30539961974717705,-0.010188566540209831,0.216,0.2433625498007968,0.24355593500206402,0.21582849441351792,-0.027727440588546093,0.379,0.39592164674634794,0.39644445528577327,0.3785001962221937,-0.01794425906357955,37.8,37.88820717131473,39.219016880709155,36.51734145789226,-2.7016754228168978,88.5,88.82571049136787,88.8953162998769,88.43039419149099,-0.4649221083859061,22.5,13.907835325365205,13.982393340739184,22.42544198462602,8.443048643886835,28.4,22.693891102257638,22.137104364468797,29.11430947303945,6.977205108570654,8.0,9.517370517928287,8.918860659736556,8.536848712879799,-0.3820119468567569,0.29455782361485805,4.583333333333334,0.5215519808943742,0.47844801910562584,0.30475617463745536,-0.010832011649931528,8.0,852.6875,4.1291512915129145,3.9308346634588913,False,,,starter_bullpen_sequential,shadow_xw+plat_consol_v1,xwOBA,2026-08-10T03:06:36.396072+00:00,2026-08-09T20:10:00Z
823104,2026-08-09,2026-08-09T20:10:00Z,Tampa Bay Rays @ Seattle Mariners,home,Emerson Hancock,Tampa Bay Rays,9,measured,465.0,0.32065979431664904,0.3219609895357725,0.0013011952191234744,0.3059229627933536,0.3219609895357725,0.3155881862873869,0.3115934204782364,-0.00399476580915048,0.3203224952115092,0.3267909003252417,0.011202714037854833,0.247,0.24861992031872512,0.24355593500206402,0.2521355938963454,0.008579658894281361,0.422,0.3923856573705179,0.39644445528577327,0.4176795644449029,0.021235109159129628,42.9,36.0652855245684,39.219016880709155,39.450268570220416,0.23125168951126085,89.7,88.49795484727755,88.8953162998769,89.30263854740068,0.4073222475237799,13.5,13.490411686586985,13.982393340739184,13.0080183458478,-0.9743749948913845,23.2,17.632430278884463,22.137104364468797,18.479037535130473,-3.658066829338324,6.2,9.42414342629482,8.918860659736556,6.551250375152041,-2.367610284584515,0.28675450399104513,5.2857142857142865,0.5710338362643163,0.42896616373568375,0.29136274507248955,-0.024225441214897336,7.0,853.0,4.049586776859504,4.329126535363197,False,,,starter_bullpen_sequential,shadow_xw+plat_consol_v1,xwOBA,2026-08-10T03:06:36.396072+00:00,2026-08-09T20:10:00Z
823190,2026-08-09,2026-08-09T20:05:00Z,Detroit Tigers @ San Francisco Giants,away,Troy Melton,San Francisco Giants,9,measured,285.0,0.3152066086304681,0.3165428636105478,0.0013362549800796653,0.2907207903682301,0.3165428636105478,0.3155881862873869,0.2911728100197921,-0.02441537626759477,0.29019179706506376,0.29106964845514416,-0.024518537832242726,0.216,0.24667144754316067,0.24355593500206402,0.21876302324092894,-0.024792911761135072,0.33,0.39704913678618853,0.39644445528577327,0.33050333632486595,-0.06594111896090732,33.7,35.76791500664011,39.219016880709155,30.734547461761267,-8.484469418947889,88.0,87.9188047808765,88.8953162998769,87.02348848099959,-1.871827818877307,13.7,14.458831341301462,13.982393340739184,14.176438000562277,0.19404465982309205,22.5,21.181726427622845,22.137104364468797,21.528960462709108,-0.6081439017596892,8.1,8.87245683930943,8.918860659736556,8.057856618709545,-0.8610040410270106,0.29172048446191484,6.0625,0.6539558681153269,0.3460441318846731,0.2913677652418271,-0.02422042104555977,9.0,1263.4236585365854,3.8375,4.190880840051625,False,,,starter_bullpen_sequential,shadow_xw+plat_consol_v1,xwOBA,2026-08-10T03:06:36.396072+00:00,2026-08-09T20:05:00Z
823190,2026-08-09,2026-08-09T20:05:00Z,Detroit Tigers @ San Francisco Giants,home,Logan Webb,Detroit Tigers,9,measured,510.0,0.3238788217055547,0.32402012316637807,0.00014130146082336204,0.30147238172409274,0.32402012316637807,0.3155881862873869,0.30948480212987967,-0.006103384157507219,0.30081146146265914,0.3088485913862123,-0.006739594901174595,0.254,0.2437195219123506,0.24355593500206402,0.25417060177659984,0.01061466677453582,0.375,0.40646374501992033,0.39644445528577327,0.38447732677354957,-0.011967128512223701,39.1,40.09699867197875,39.219016880709155,39.97531740387727,0.7563005231681146,88.4,88.18908366533866,88.8953162998769,87.69376736546175,-1.2015489344151433,6.7,16.401381142098273,13.982393340739184,9.118987801359088,-4.863405539380096,19.8,25.468127490039837,22.137104364468797,22.779353433060855,0.6422490685920579,6.1,9.707968127490041,8.918860659736556,6.639705208651442,-2.2791554510851135,0.3029272604967025,6.302083333333334,0.6876261635441924,0.31237383645580763,0.31088528802792154,-0.004702898259465349,8.0,763.9619047619047,4.045112781954887,4.2924822097028965,False,,,starter_bullpen_sequential,shadow_xw+plat_consol_v1,xwOBA,2026-08-10T03:06:36.396072+00:00,2026-08-09T20:05:00Z
823268,2026-08-09,2026-08-10T00:20:00Z,Houston Astros @ San Diego Padres,away,Cristian Javier,San Diego Padres,9,measured,125.0,0.32111527594570044,0.31943214181555435,-0.0016831341301460911,0.298713015245777,0.31943214181555435,0.3155881862873869,0.30320619850996855,-0.012381987777418335,0.31957979087457433,0.3234723653028967,0.007884179015509807,0.263,0.2498316069057105,0.24355593500206402,0.26977668442218433,0.026220749420120315,0.411,0.3945452855245684,0.39644445528577327,0.40903110180644964,0.01258664652067637,37.6,42.62029216467464,39.219016880709155,40.860865795440354,1.6418489147311988,89.6,89.32977423638778,88.8953162998769,90.03445793651088,1.1391416366339797,25.0,9.847436918990706,13.982393340739184,20.865043578251523,6.882650237512339,18.4,23.310677290836654,22.137104364468797,19.375454670567827,-2.7616496939009707,12.0,7.685232403718461,8.918860659736556,10.340198413565707,1.4213377538291514,0.2827645306887767,3.6666666666666665,0.43320309231856946,0.5667969076814305,0.28771675951487297,-0.02787142677251392,7.0,1286.1052631578948,4.608247422680412,4.145189748833134,False,,,starter_bullpen_sequential,shadow_xw+plat_consol_v1,xwOBA,2026-08-10T03:06:36.396072+00:00,2026-08-10T00:20:00Z
823268,2026-08-09,2026-08-10T00:20:00Z,Houston Astros @ San Diego Padres,home,Randy Vásquez,Houston Astros,9,measured,434.0,0.32932393690625705,0.328118359217014,-0.0012055776892430647,0.3102019790469293,0.328118359217014,0.3155881862873869,0.3230421938196242,0.0074540075322372945,0.3485347128605077,0.3623730009013127,0.04678481461392581,0.295,0.2504528552456839,0.24355593500206402,0.30335369284616537,0.05979775784410135,0.516,0.4158212483399734,0.39644445528577327,0.5412202422878131,0.1447757870020398,44.6,37.63763612217795,39.219016880709155,42.801648398147805,3.5826315174386494,91.4,88.03413014608235,88.8953162998769,90.53881384620544,1.6434975463285468,17.3,14.210889774236387,13.982393340739184,17.528496433497203,3.5461030927580186,15.0,20.0940770252324,22.137104364468797,13.615654080859219,-8.521450283609578,7.1,9.656494023904383,8.918860659736556,7.687204698603988,-1.2316559611325673,0.2723968658370043,4.361111111111111,0.49653509637926524,0.5034649036207348,0.2842527450526214,-0.031335441234765504,7.0,1330.3375702638375,4.254716981132075,4.0557680374190035,False,,,starter_bullpen_sequential,shadow_xw+plat_consol_v1,xwOBA,2026-08-10T03:06:36.396072+00:00,2026-08-10T00:20:00Z
823345,2026-08-09,2026-08-09T17:35:00Z,New York Mets @ Pittsburgh Pirates,away,Sean Manaea,Pittsburgh Pirates,9,measured,429.0,0.31780815754115527,0.32097442580144747,0.0031662682602922043,0.3035668816096174,0.32097442580144747,0.3155881862873869,0.3077227504493948,-0.007865435837992096,0.31806931434443464,0.3234979000253069,0.007909713737919988,0.254,0.2501553784860558,0.24355593500206402,0.26088243809340844,0.017326503091344425,0.421,0.40033705179282875,0.39644445528577327,0.4251337017269899,0.02868924644121662,40.6,34.94764940239044,39.219016880709155,36.17822879275081,-3.0407880879583473,88.7,87.08507304116866,88.8953162998769,86.88975674129176,-2.0055595585851336,14.0,14.380584329349269,13.982393340739184,14.398190988610084,0.41579764787089957,22.1,21.366427622841968,22.137104364468797,21.33061500232659,-0.8064893621422087,8.2,9.473014608233733,8.918860659736556,8.709489109768317,-0.20937154996823892,0.27853778639259075,5.758333333333333,0.6331426209357853,0.3668573790642147,0.28049713058146586,-0.035091055705921026,6.0,273.0,4.337579617834395,4.464487536451554,False,,,starter_bullpen_sequential,shadow_xw+plat_consol_v1,xwOBA,2026-08-10T03:06:36.396072+00:00,2026-08-09T17:35:00Z
823345,2026-08-09,2026-08-09T17:35:00Z,New York Mets @ Pittsburgh Pirates,home,Jared Jones,New York Mets,9,measured,229.0,0.3217383903835632,0.3213784966252631,-0.0003598937583001449,0.2988681310924916,0.3213784966252631,0.3155881862873869,0.304495135560506,-0.011093050726880882,0.30403117254622586,0.3096094385204405,-0.005978747766946402,0.215,0.2523609561752988,0.24355593500206402,0.22277266853394248,-0.020783266468121536,0.377,0.4108390438247012,0.39644445528577327,0.39068857555408115,-0.005755879731692115,39.7,42.38563081009297,39.219016880709155,42.905449371128256,3.686432490419101,89.5,89.46353253652059,88.8953162998769,90.06821623664368,1.1728999367667825,16.1,12.37054448871182,13.982393340739184,14.488151147972639,0.5057578072334543,27.1,22.820717131474105,22.137104364468797,27.936871240286465,5.799766875817667,7.0,8.585258964143428,8.918860659736556,6.738171504383512,-2.1806891553530434,0.2920457305457412,5.125,0.5692239423856489,0.4307760576143511,0.29773713765892634,-0.017851048628460542,8.0,876.6875,4.220338983050848,4.224136044521254,False,,,starter_bullpen_sequential,shadow_xw+plat_consol_v1,xwOBA,2026-08-10T03:06:36.396072+00:00,2026-08-09T17:35:00Z
823425,2026-08-09,2026-08-09T17:35:00Z,Toronto Blue Jays @ Philadelphia Phillies,away,Shane Bieber,Philadelphia Phillies,9,measured,169.0,0.32789446780212406,0.3293212938313405,0.0014268260292164547,0.30978929802508637,0.3293212938313405,0.3155881862873869,0.32270117222816463,0.00711298594077775,0.3341951562096595,0.3487379630076181,0.03314977672023123,0.308,0.25556786188579017,0.24355593500206402,0.3231902415359178,0.07963430653385378,0.553,0.40247357237715803,0.39644445528577327,0.5614100097935093,0.16496555450773603,45.5,39.85609561752988,39.219016880709155,46.23910783162954,7.020090950920384,89.4,89.47657370517928,88.8953162998769,89.98125740530239,1.0859411054254906,9.5,13.37808764940239,13.982393340739184,8.895694308663204,-5.08669903207598,16.6,20.335325365205843,22.137104364468797,15.248895948840925,-6.888208415627872,11.8,8.026826029216467,8.918860659736556,10.619803443319189,1.700942783582633,0.27990436473371183,4.734375,0.5504604460337329,0.4495395539662671,0.29081916465109514,-0.024769021636291744,8.0,1260.2594876660341,4.5703125,4.142549156173589,False,,,starter_bullpen_sequential,shadow_xw+plat_consol_v1,xwOBA,2026-08-10T03:06:36.396072+00:00,2026-08-09T17:35:00Z
823425,2026-08-09,2026-08-09T17:35:00Z,Toronto Blue Jays @ Philadelphia Phillies,home,Jesús Luzardo,Toronto Blue Jays,9,measured,566.0,0.31279738944775215,0.3172829140161453,0.004485524568393129,0.2816567424250098,0.3172829140161453,0.3155881862873869,0.28199133137102633,-0.03359685491636055,0.2817217693523849,0.28323463236520247,-0.03235355392218442,0.209,0.23905630810092962,0.24355593500206402,0.20513878420852638,-0.038417150793537636,0.308,0.36727171314741036,0.39644445528577327,0.2853355271871847,-0.11110892809858858,31.7,35.29399734395751,39.219016880709155,28.527479901052086,-10.69153697965707,87.0,87.26517928286852,88.8953162998769,85.36986298299163,-3.5254533168852618,7.7,12.529694555112883,13.982393340739184,6.247301214373698,-7.735092126365487,29.0,17.79856573705179,22.137104364468797,23.316437320635437,1.1793329561666397,7.6,8.82629482071713,8.918860659736556,7.521122169816653,-1.3977384899199023,0.28150089366050546,6.394927536231885,0.7055949125873235,0.29440508741267646,0.2790115362050693,-0.036576650082317586,7.0,963.531914893617,4.127610208816706,4.227701995292892,False,,,starter_bullpen_sequential,shadow_xw+plat_consol_v1,xwOBA,2026-08-10T03:06:36.396072+00:00,2026-08-09T17:35:00Z
823513,2026-08-09,2026-08-09T17:35:00Z,Atlanta Braves @ New York Yankees,away,Grant Holmes,New York Yankees,9,measured,466.0,0.3242524429764145,0.3268099462964676,0.0025575033200531117,0.3071956998014633,0.3268099462964676,0.3155881862873869,0.3171382608627825,0.0015500745753956324,0.3231777027105913,0.33466933255506764,0.01908114626768076,0.25,0.24700690571049136,0.24355593500206402,0.2535422773709026,0.009986342368838608,0.429,0.44052403718459493,0.39644445528577327,0.47669934446671297,0.0802548891809397,42.5,48.40254980079681,39.219016880709155,52.451808590482656,13.232791709773501,90.8,90.75232403718461,88.8953162998769,92.65700773730771,3.7616914374308124,13.7,13.255697211155379,13.982393340739184,12.973303870416194,-1.0090894703229907,19.7,25.73585657370518,22.137104364468797,22.902560612929467,0.7654562484606693,9.9,10.292616201859232,8.918860659736556,11.424878612400725,2.5060179526641697,0.2854786778032719,5.065476190476191,0.5760632284676128,0.4239367715323872,0.293316298637023,-0.022271887650363864,8.0,1017.0845528455285,4.271929824561403,4.047465397629556,False,,,starter_bullpen_sequential,shadow_xw+plat_consol_v1,xwOBA,2026-08-10T03:06:36.396072+00:00,2026-08-09T17:35:00Z
823513,2026-08-09,2026-08-09T17:35:00Z,Atlanta Braves @ New York Yankees,home,Cam Schlittler,Atlanta Braves,9,measured,555.0,0.33147490520422584,0.3321583049386216,0.0006833997343957399,0.2856860011542116,0.3321583049386216,0.3155881862873869,0.3004464626460519,-0.015141723641334981,0.28359957791378276,0.298490118370174,-0.01709806791721291,0.212,0.2432566477442486,0.24355593500206402,0.21173948941685067,-0.03181644558521335,0.342,0.4207457424559307,0.39644445528577327,0.3629639461502947,-0.033480509135478564,39.3,40.78559904391993,39.219016880709155,40.869816989585644,1.6508001088764885,88.2,89.48252166118912,88.8953162998769,88.78720536131223,-0.10811093856466414,13.6,15.628981177173587,13.982393340739184,15.246587836434403,1.264194495695218,30.8,20.97505228562892,22.137104364468797,29.183202995342292,7.0460986308734945,5.6,9.15661786674634,8.918860659736556,5.749283682081217,-3.169576977655338,0.2890495182179061,5.640625,0.6171658543029754,0.38283414569702456,0.30360027977522847,-0.01198790651215842,8.0,1330.5398671096345,3.947727272727273,4.111730678626127,False,,,starter_bullpen_sequential,shadow_xw+plat_consol_v1,xwOBA,2026-08-10T03:06:36.396072+00:00,2026-08-09T17:35:00Z
823751,2026-08-09,2026-08-09T18:10:00Z,Minnesota Twins @ Milwaukee Brewers,away,Connor Prielipp,Milwaukee Brewers,9,measured,336.0,0.33116680566355255,0.3308924364736455,-0.0002743691899070311,0.3094665130584271,0.3308924364736455,0.3155881862873869,0.3245783409396862,0.008990154652299298,0.31349357950401463,0.3286962530544946,0.01310806676710774,0.231,0.254662416998672,0.24355593500206402,0.24153391427802692,-0.0020220207240370935,0.39,0.4281681274900399,0.39644445528577327,0.42120798385424657,0.024763528568473303,40.6,44.464143426294825,39.219016880709155,46.02981835568459,6.810801474975435,90.4,90.56685258964144,88.8953162998769,92.07153628976457,3.17621998988767,12.9,9.113280212483401,13.982393340739184,8.030886871744217,-5.9515064689949675,24.1,22.180451527224438,22.137104364468797,24.147190752919233,2.0100863884504356,8.9,12.097636122177954,8.918860659736556,12.07205332553812,3.153192665801564,0.30332576476987977,5.441666666666666,0.6039398286764528,0.3960601713235472,0.3182990649175323,0.002710878630145408,8.0,936.6444444444444,4.306451612903226,4.318892334489884,False,,,starter_bullpen_sequential,shadow_xw+plat_consol_v1,xwOBA,2026-08-10T03:06:36.396072+00:00,2026-08-09T18:10:00Z
823751,2026-08-09,2026-08-09T18:10:00Z,Minnesota Twins @ Milwaukee Brewers,home,Jacob Misiorowski,Minnesota Twins,9,measured,480.0,0.31723745480312504,0.3168547190793534,-0.00038273572377162113,0.26654902288461346,0.3168547190793534,0.3155881862873869,0.26774799580262076,-0.04784019048476612,0.2576024809362601,0.25863630287121875,-0.056951883416168136,0.164,0.24677290836653387,0.24355593500206402,0.16616617029582376,-0.07738976470624026,0.239,0.40027755644090307,0.39644445528577327,0.24131081848632654,-0.15513363679944672,34.4,39.207383798140775,39.219016880709155,34.38979632657367,-4.829220554135482,87.1,88.87548472775565,88.8953162998769,87.08016842787876,-1.8151478719981355,11.2,15.759362549800798,13.982393340739184,12.976969209061613,-1.0054241316775716,40.6,18.658300132802122,22.137104364468797,34.21978651406804,12.082682149599243,6.0,9.688233731739707,8.918860659736556,6.517581629328343,-2.4012790304082126,0.28120974506357305,5.767857142857142,0.6210258884678448,0.3789741115321552,0.28267935133847255,-0.032908834948914334,6.0,1099.7058441558443,3.781954887218045,4.118510051060961,False,,,starter_bullpen_sequential,shadow_xw+plat_consol_v1,xwOBA,2026-08-10T03:06:36.396072+00:00,2026-08-09T18:10:00Z
823835,2026-08-09,2026-08-09T17:40:00Z,Los Angeles Angels @ Miami Marlins,away,Grayson Rodriguez,Miami Marlins,9,measured,234.0,0.3191096876882443,0.31863584970683667,-0.0004738379814076543,0.3288719123522025,0.31863584970683667,0.3155881862873869,0.33224950838046047,0.016661322093073583,0.3451392928383404,0.3484723339441323,0.03288414765674541,0.307,0.2463543160690571,0.24355593500206402,0.31052733341340916,0.06697139841134514,0.547,0.41174847277556437,0.39644445528577327,0.5681159405947079,0.17167148530893467,49.7,43.96642762284196,39.219016880709155,55.7161200522101,16.497103171500946,91.1,90.13309428950863,88.8953162998769,92.33777798963175,3.4424616897548503,17.5,10.955989375830011,13.982393340739184,14.473596035090827,0.4912026943516423,17.9,24.370571049136785,22.137104364468797,19.705974846453966,-2.4311295180148313,9.4,8.583532536520584,8.918860659736556,9.046582172489819,0.12772151275326316,0.30785133881454324,4.90530303030303,0.5637363080914537,0.4362636919085463,0.3112865083424166,-0.0043016779449702724,8.0,414.0,4.618181818181818,4.281423267479645,False,,,starter_bullpen_sequential,shadow_xw+plat_consol_v1,xwOBA,2026-08-10T03:06:36.396072+00:00,2026-08-09T17:40:00Z
823835,2026-08-09,2026-08-09T17:40:00Z,Los Angeles Angels @ Miami Marlins,home,Ryan Gusto,Los Angeles Angels,9,measured,198.0,0.3165870585313591,0.3155100332989554,-0.0010770252324037166,0.31232158332348753,0.3155100332989554,0.3155881862873869,0.31279133653276125,-0.00279684975462563,0.3301119079595157,0.3300301582830549,0.01444197199566799,0.269,0.2406626826029217,0.24355593500206402,0.2658044921780999,0.02224855717603591,0.418,0.39860637450199204,0.39644445528577327,0.4202794674520748,0.023835012166301517,45.8,38.99721115537849,39.219016880709155,45.54097509249036,6.321958211781208,90.2,88.412802124834,88.8953162998769,89.7174858249571,0.8221695250801986,12.6,13.68996015936255,13.982393340739184,12.307566818623366,-1.6748265221158185,19.7,24.98565737051793,22.137104364468797,22.234951875153,0.09784751068420405,6.6,8.825391766268261,8.918860659736556,6.530832567025555,-2.388028092711001,0.2971371622995243,4.069444444444445,0.4604863728300597,0.5395136271699403,0.2980776349691932,-0.01751055131819368,8.0,1039.0676486633934,4.408163265306122,4.2626784602551515,False,,,starter_bullpen_sequential,shadow_xw+plat_consol_v1,xwOBA,2026-08-10T03:06:36.396072+00:00,2026-08-09T17:40:00Z
824078,2026-08-09,2026-08-09T18:10:00Z,Chicago Cubs @ Kansas City Royals,away,Matthew Boyd,Kansas City Royals,9,measured,302.0,0.316891735369024,0.32156663576743044,0.004674900398406456,0.30750279246947143,0.32156663576743044,0.3155881862873869,0.31196815938463834,-0.003620026902748541,0.311294986216477,0.31719210603702475,0.001603919749637861,0.262,0.251597609561753,0.24355593500206402,0.27065065650985126,0.027094721507787245,0.428,0.41254820717131474,0.39644445528577327,0.4453855522888911,0.04894109700311783,38.8,39.22233731739708,39.219016880709155,38.80328496106578,-0.4157319196433775,88.4,88.54470119521913,88.8953162998769,88.04938489534223,-0.8459314045346673,14.3,13.27867197875166,13.982393340739184,13.596278638012476,-0.386114702726708,20.9,20.54796812749004,22.137104364468797,19.39967065222114,-2.7374337122476575,6.6,7.093970783532537,8.918860659736556,5.249572670495977,-3.669287989240579,0.29894621662510135,6.221153846153847,0.6929091826562198,0.3070908173437802,0.30018102541412767,-0.015407160873259218,6.0,734.1219512195122,4.129707112970711,4.097473968738015,False,,,starter_bullpen_sequential,shadow_xw+plat_consol_v1,xwOBA,2026-08-10T03:06:36.396072+00:00,2026-08-09T18:10:00Z
824078,2026-08-09,2026-08-09T18:10:00Z,Chicago Cubs @ Kansas City Royals,home,Randy Dobnak,Chicago Cubs,9,measured,127.0,0.3222526880665458,0.3213892086508752,-0.0008634794156705539,0.31184041842163784,0.3213892086508752,0.3155881862873869,0.31791514629725803,0.0023269600098711485,0.3186127680471891,0.324469387125609,0.008881200838222136,0.288,0.2349073041168659,0.24355593500206402,0.2777731677328415,0.03421723273077748,0.396,0.37381726427622847,0.39644445528577327,0.37339817641459827,-0.023046278871174997,43.4,39.881965471447536,39.219016880709155,44.13362289844134,4.914606017732183,91.4,88.26743691899071,88.8953162998769,90.77212061911382,1.8768043192369248,7.3,12.9130411686587,13.982393340739184,6.230647827919514,-7.751745512819671,11.8,22.407277556440903,22.137104364468797,11.944013580673532,-10.193090783795265,10.2,9.602390438247014,8.918860659736556,10.981714616563211,2.0628539568266557,0.3022643469398604,5.333333333333333,0.5857490101894102,0.41425098981058983,0.3086474796599254,-0.00694070662746149,9.0,1134.2106901920083,4.25,4.371879859974844,False,,,starter_bullpen_sequential,shadow_xw+plat_consol_v1,xwOBA,2026-08-10T03:06:36.396072+00:00,2026-08-09T18:10:00Z
824564,2026-08-09,2026-08-09T18:10:00Z,Cleveland Guardians @ Chicago White Sox,away,Joey Cantillo,Chicago White Sox,9,measured,516.0,0.3165181409049966,0.31474576374696206,-0.0017723771580345216,0.29790505966444847,0.31474576374696206,0.3155881862873869,0.2978804418370147,-0.01770774445037221,0.30714301692807344,0.30632313769356156,-0.00926504859382532,0.233,0.23607383798140766,0.24355593500206402,0.2258421838466053,-0.01771375115545873,0.375,0.4048985391766268,0.39644445528577327,0.3829967859729172,-0.01344766931285607,39.2,42.61845949535193,39.219016880709155,42.59779426137383,3.3787773806646726,88.2,89.82945551128817,88.8953162998769,89.13413921141128,0.23882291153438473,11.0,14.49527224435591,13.982393340739184,11.512878903616725,-2.4695144371224593,25.0,24.986533864541833,22.137104364468797,28.21793385119343,6.080829486724632,10.9,9.324966799468791,8.918860659736556,11.396314169708322,2.4774535099717667,0.2877687643313585,4.6875,0.523183812252385,0.47681618774761503,0.2886167424966441,-0.02697144379074279,8.0,1200.0,4.362116991643454,4.321217983786542,False,,,starter_bullpen_sequential,shadow_xw+plat_consol_v1,xwOBA,2026-08-10T03:06:36.396072+00:00,2026-08-09T18:10:00Z
824564,2026-08-09,2026-08-09T18:10:00Z,Cleveland Guardians @ Chicago White Sox,home,Davis Martin,Cleveland Guardians,9,measured,513.0,0.3191492712958384,0.32013970954285037,0.0009904382470119488,0.31086854801499614,0.32013970954285037,0.3155881862873869,0.3149813962114778,-0.0006067900759090805,0.325823062071716,0.3305221962872005,0.014934009999813591,0.271,0.24947171314741035,0.24355593500206402,0.2775823724532735,0.03402643745120948,0.417,0.39375484727755644,0.39644445528577327,0.41417093649697295,0.017726481211199685,44.1,36.74467463479416,39.219016880709155,41.31771472811895,2.0986978474097953,90.0,88.64103585657371,88.8953162998769,89.7457195566968,0.8504032568199023,12.0,16.148499335989378,13.982393340739184,14.166105995250193,0.18371265451100882,20.9,19.84119521912351,22.137104364468797,18.732394863045677,-3.4047095014231203,7.2,10.167516600265603,8.918860659736556,8.208012470964503,-0.7108481887720526,0.2891993083126604,5.287878787878788,0.5916717288155583,0.4083282711844417,0.29246262223262104,-0.023125564054765846,6.0,1014.1326949384405,4.219512195121951,4.148109580279317,False,,,starter_bullpen_sequential,shadow_xw+plat_consol_v1,xwOBA,2026-08-10T03:06:36.396072+00:00,2026-08-09T18:10:00Z
824724,2026-08-09,2026-08-09T17:35:00Z,Athletics @ Boston Red Sox,away,J.T. Ginn,Boston Red Sox,9,measured,481.0,0.3197832968829376,0.3176106541206534,-0.0021726427622841826,0.3132264150831908,0.3176106541206534,0.3155881862873869,0.3161215646381129,0.0005333783507260326,0.31763791015438547,0.31967351377906694,0.0040853274916800575,0.235,0.24551819389110227,0.24355593500206402,0.23689332622471335,-0.00666260877735067,0.361,0.3943837981407703,0.39644445528577327,0.35912357766787323,-0.03732087761790004,34.8,36.463718459495354,39.219016880709155,32.35515582275078,-6.863861057958374,86.9,88.085604249668,88.8953162998769,86.0902879497911,-2.8050283500857915,9.7,14.730863213811421,13.982393340739184,10.448469873072236,-3.5339234676669484,21.8,23.051314741035856,22.137104364468797,22.700288758684728,0.5631843942159307,10.6,8.846427622841965,8.918860659736556,10.51391387079868,1.5950532110621243,0.30713150477925966,5.364583333333334,0.5801137578758427,0.41988624212415726,0.31121420079232776,-0.0043739854950591295,9.0,1040.8600961538461,4.186813186813187,4.471815377944152,False,,,starter_bullpen_sequential,shadow_xw+plat_consol_v1,xwOBA,2026-08-10T03:06:36.396072+00:00,2026-08-09T17:35:00Z
824724,2026-08-09,2026-08-09T17:35:00Z,Athletics @ Boston Red Sox,home,Erik Miller,Athletics,9,measured,152.0,0.31026661538849903,0.3134395237550329,0.0031729083665338886,0.276323394252841,0.3134395237550329,0.3155881862873869,0.27202531172813305,-0.04356287455925384,0.2968819489184775,0.2948606466394611,-0.020727539647925786,0.182,0.23734050464807438,0.24355593500206402,0.17735544750976187,-0.06620048749230215,0.283,0.3458427622841965,0.39644445528577327,0.24687822069771773,-0.14956623458805554,27.3,38.35083665338646,39.219016880709155,26.695667660971694,-12.523349219737462,83.3,87.88942895086322,88.8953162998769,82.2941126509863,-6.601203648890589,5.5,10.377662682602923,13.982393340739184,1.895269341863738,-12.087123998875446,32.2,23.307835325365208,22.137104364468797,33.90291183165631,11.765807467187514,15.1,7.193147410358566,8.918860659736556,12.178296089628857,3.259435429892301,0.27349137192297646,1.0,0.12107535142930857,0.8789246485706914,0.2688796539019575,-0.04670853238542938,5.0,765.4571428571428,4.5,4.083367167508682,True,reliever_spot_start,medium,opener_bullpen_sequential,shadow_xw+plat_consol_v1,xwOBA,2026-08-10T03:06:36.396072+00:00,2026-08-09T17:35:00Z
825050,2026-08-09,2026-08-09T20:10:00Z,Los Angeles Dodgers @ Arizona Diamondbacks,away,Justin Wrobleski,Arizona Diamondbacks,9,measured,472.0,0.3203338194330564,0.3249593174410245,0.004625498007968132,0.3073814838517847,0.3249593174410245,0.3155881862873869,0.315194537064342,-0.0003936492230449118,0.31898401119131364,0.32845597856738357,0.012867792279996682,0.268,0.2506430278884462,0.24355593500206402,0.275798376555818,0.032242441553754,0.443,0.3960472775564409,0.39644445528577327,0.4425561806155987,0.04611172532982544,43.3,36.953731739707834,39.219016880709155,40.798997822823964,1.5799809421148083,89.9,88.08050464807438,88.8953162998769,89.08518834819748,0.1898720483205807,15.5,12.82573705179283,13.982393340739184,14.343343711053643,0.360950370314459,19.3,17.520956175298807,22.137104364468797,15.275460087996985,-6.861644276471813,5.1,9.905896414342632,8.918860659736556,5.664408677356741,-3.2544519823798144,0.2824416985940413,6.1875,0.6824906111608549,0.31750938883914515,0.2866888939733591,-0.02889929231402777,8.0,1073.5497453975715,4.088642659279778,4.1846749296481525,False,,,starter_bullpen_sequential,shadow_xw+plat_consol_v1,xwOBA,2026-08-10T03:06:36.396072+00:00,2026-08-09T20:10:00Z
825050,2026-08-09,2026-08-09T20:10:00Z,Los Angeles Dodgers @ Arizona Diamondbacks,home,Eduardo Rodriguez,Los Angeles Dodgers,9,measured,562.0,0.3403111237013264,0.33964578505590803,-0.0006653386454183452,0.3205358618460739,0.33964578505590803,0.3155881862873869,0.3451903159889227,0.029602129701535806,0.3347740794530473,0.3602942377844757,0.04470605149708884,0.268,0.2671014608233732,0.24355593500206402,0.2939086312967795,0.050352696294715504,0.452,0.4491107569721116,0.39644445528577327,0.5120466674330587,0.11560221214728544,36.2,43.08767596281541,39.219016880709155,39.77085592426289,0.5518390435537341,88.2,90.12023904382471,88.8953162998769,89.4249227439478,0.5296064440709074,14.3,14.613306772908368,13.982393340739184,14.930913432169186,0.9485200914300016,16.4,20.176653386454184,22.137104364468797,14.947624137733012,-7.189480226735785,8.0,8.888499335989378,8.918860659736556,7.9727666347480985,-0.9460940249884571,0.29453028541966064,5.764492753623188,0.6462009124894823,0.3537990875105177,0.31760356296722086,0.00201537667983398,9.0,1176.0,4.116279069767441,4.0152507609597015,False,,,starter_bullpen_sequential,shadow_xw+plat_consol_v1,xwOBA,2026-08-10T03:06:36.396072+00:00,2026-08-09T20:10:00Z
