season,player_id,player_name,role,pa,woba
2024,444482,"Peralta, David",BAT,260.0,0.329
2024,453568,"Blackmon, Charlie",BAT,499.0,0.323
2024,455117,"Maldonado, Martín",BAT,147.0,0.181
2024,456781,"Solano, Donovan",BAT,309.0,0.333
2024,457705,"McCutchen, Andrew",BAT,515.0,0.325
2024,457759,"Turner, Justin",BAT,539.0,0.327
2024,467793,"Santana, Carlos",BAT,594.0,0.326
2024,493329,"Gurriel, Yuli",BAT,65.0,0.289
2024,500743,"Rojas, Miguel",BAT,337.0,0.327
2024,501303,"Adrianza, Ehire",BAT,28.0,0.262
2024,502054,"Pham, Tommy",BAT,478.0,0.297
2024,502110,"Martinez, J.D.",BAT,495.0,0.318
2024,502671,"Goldschmidt, Paul",BAT,654.0,0.31
2024,514888,"Altuve, Jose",BAT,682.0,0.344
2024,516782,"Marte, Starling",BAT,370.0,0.313
2024,518595,"d'Arnaud, Travis",BAT,341.0,0.319
2024,518692,"Freeman, Freddie",BAT,638.0,0.365
2024,518735,"Grandal, Yasmani",BAT,243.0,0.308
2024,518792,"Heyward, Jason",BAT,258.0,0.3
2024,518934,"LeMahieu, DJ",BAT,228.0,0.239
2024,519203,"Rizzo, Anthony",BAT,375.0,0.285
2024,519317,"Stanton, Giancarlo",BAT,459.0,0.33
2024,521692,"Perez, Salvador",BAT,652.0,0.335
2024,527038,"Flores, Wilmer",BAT,242.0,0.262
2024,541645,"García, Avisaíl",BAT,51.0,0.274
2024,542194,"Bethancourt, Christian",BAT,147.0,0.263
2024,542303,"Ozuna, Marcell",BAT,688.0,0.395
2024,542364,"Ortega, Rafael",BAT,17.0,0.133
2024,542932,"Berti, Jon",BAT,74.0,0.3
2024,542963,"Brantly, Rob",BAT,9.0,0.098
2024,543063,"Crawford, Brandon",BAT,80.0,0.248
2024,543228,"Gomes, Yan",BAT,96.0,0.184
2024,543257,"Grossman, Robbie",BAT,245.0,0.283
2024,543305,"Hicks, Aaron",BAT,63.0,0.196
2024,543309,"Higashioka, Kyle",BAT,263.0,0.314
2024,543510,"McCann, James",BAT,233.0,0.288
2024,543518,"McGough, Scott",BAT,1.0,0.0
2024,543685,"Rendon, Anthony",BAT,238.0,0.264
2024,543760,"Semien, Marcus",BAT,718.0,0.306
2024,543807,"Springer, George",BAT,614.0,0.298
2024,543877,"Vázquez, Christian",BAT,315.0,0.25
2024,545121,"Vargas, Ildemaro",BAT,303.0,0.271
2024,545341,"Grichuk, Randal",BAT,279.0,0.373
2024,545361,"Trout, Mike",BAT,126.0,0.365
2024,547180,"Harper, Bryce",BAT,631.0,0.38
2024,547989,"Abreu, José",BAT,120.0,0.164
2024,553869,"Díaz, Elias",BAT,351.0,0.303
2024,553882,"Narváez, Omar",BAT,69.0,0.171
2024,553993,"Suárez, Eugenio",BAT,640.0,0.337
2024,570482,"Urshela, Gio",BAT,461.0,0.281
2024,571448,"Arenado, Nolan",BAT,635.0,0.314
2024,571466,"Barnhart, Tucker",BAT,96.0,0.239
2024,571657,"Farmer, Kyle",BAT,242.0,0.285
2024,571745,"Haniger, Mitch",BAT,423.0,0.277
2024,571771,"Hernández, Enrique",BAT,393.0,0.285
2024,571912,"Maile, Luke",BAT,154.0,0.241
2024,571970,"Muncy, Max",BAT,293.0,0.362
2024,572138,"Singleton, Jon",BAT,405.0,0.312
2024,572191,"Taylor, Michael A.",BAT,300.0,0.242
2024,572233,"Walker, Christian",BAT,552.0,0.343
2024,572761,"Carpenter, Matt",BAT,157.0,0.303
2024,573262,"Yastrzemski, Mike",BAT,474.0,0.319
2024,575929,"Contreras, Willson",BAT,358.0,0.37
2024,578428,"Iglesias, Jose",BAT,291.0,0.362
2024,592178,"Bryant, Kris",BAT,155.0,0.287
2024,592192,"Canha, Mark",BAT,462.0,0.31
2024,592200,"Casali, Curt",BAT,125.0,0.254
2024,592206,"Castellanos, Nick",BAT,659.0,0.321
2024,592273,"Drury, Brandon",BAT,360.0,0.217
2024,592325,"Gamel, Ben",BAT,99.0,0.327
2024,592348,"Goodrum, Niko",BAT,33.0,0.147
2024,592450,"Judge, Aaron",BAT,704.0,0.476
2024,592518,"Machado, Manny",BAT,643.0,0.34
2024,592626,"Pederson, Joc",BAT,449.0,0.391
2024,592663,"Realmuto, J.T.",BAT,413.0,0.326
2024,592669,"Renfroe, Hunter",BAT,424.0,0.302
2024,592696,"Rosario, Eddie",BAT,319.0,0.23
2024,592885,"Yelich, Christian",BAT,315.0,0.391
2024,593160,"Merrifield, Whit",BAT,335.0,0.283
2024,593428,"Bogaerts, Xander",BAT,463.0,0.3
2024,593871,"Polanco, Jorge",BAT,469.0,0.287
2024,593934,"Sanó, Miguel",BAT,95.0,0.275
2024,594807,"Duvall, Adam",BAT,330.0,0.252
2024,595281,"Kiermaier, Kevin",BAT,281.0,0.241
2024,595284,"Knapp, Andrew",BAT,6.0,0.147
2024,595777,"Profar, Jurickson",BAT,668.0,0.365
2024,595879,"Báez, Javier",BAT,289.0,0.224
2024,595909,"Cave, Jake",BAT,346.0,0.295
2024,595978,"Hedges, Austin",BAT,146.0,0.191
2024,596019,"Lindor, Francisco",BAT,689.0,0.363
2024,596103,"Slater, Austin",BAT,212.0,0.273
2024,596115,"Story, Trevor",BAT,106.0,0.318
2024,596117,"Stubbs, Garrett",BAT,187.0,0.258
2024,596129,"Vogelbach, Daniel",BAT,79.0,0.262
2024,596142,"Sánchez, Gary",BAT,280.0,0.307
2024,596146,"Kepler, Max",BAT,399.0,0.298
2024,600869,"Candelario, Jeimer",BAT,463.0,0.304
2024,602104,"Urías, Ramón",BAT,301.0,0.325
2024,605113,"Ahmed, Nick",BAT,228.0,0.248
2024,605119,"Anderson, Brian",BAT,5.0,0.0
2024,605131,"Barnes, Austin",BAT,156.0,0.289
2024,605137,"Bell, Josh",BAT,603.0,0.317
2024,605141,"Betts, Mookie",BAT,516.0,0.371
2024,605170,"Caratini, Victor",BAT,274.0,0.324
2024,605204,"Davis, J.D.",BAT,157.0,0.282
2024,605244,"Garcia, Aramis",BAT,7.0,0.0
2024,605346,"López, Jack",BAT,71.0,0.277
2024,605361,"Martini, Nick",BAT,163.0,0.279
2024,606115,"Arcia, Orlando",BAT,602.0,0.273
2024,606192,"Hernández, Teoscar",BAT,652.0,0.36
2024,606466,"Marte, Ketel",BAT,583.0,0.391
2024,606992,"Haase, Eric",BAT,69.0,0.35
2024,607043,"Nimmo, Brandon",BAT,663.0,0.321
2024,607054,"Peterson, Jace",BAT,26.0,0.113
2024,607208,"Turner, Trea",BAT,539.0,0.349
2024,607680,"Pillar, Kevin",BAT,314.0,0.293
2024,607732,"Stallings, Jacob",BAT,281.0,0.353
2024,608070,"Ramírez, José",BAT,682.0,0.364
2024,608324,"Bregman, Alex",BAT,634.0,0.331
2024,608336,"Gallo, Joey",BAT,260.0,0.276
2024,608348,"Kelly, Carson",BAT,313.0,0.304
2024,608369,"Seager, Corey",BAT,533.0,0.365
2024,608385,"Winker, Jesse",BAT,508.0,0.338
2024,608596,"Murphy, Tom",BAT,38.0,0.206
2024,608671,"Jankowski, Travis",BAT,207.0,0.234
2024,608701,"Refsnyder, Rob",BAT,307.0,0.358
2024,608841,"Meneses, Joey",BAT,313.0,0.264
2024,609280,"Andujar, Miguel",BAT,319.0,0.306
2024,613564,"Vosler, Jason",BAT,30.0,0.229
2024,620443,"Torrens, Luis",BAT,130.0,0.292
2024,621020,"Swanson, Dansby",BAT,593.0,0.307
2024,621028,"Newman, Kevin",BAT,311.0,0.298
2024,621035,"Taylor, Chris",BAT,246.0,0.272
2024,621043,"Correa, Carlos",BAT,367.0,0.385
2024,621311,"Dahl, David",BAT,62.0,0.273
2024,621438,"Taylor, Tyrone",BAT,345.0,0.304
2024,621439,"Buxton, Byron",BAT,388.0,0.366
2024,621458,"Rios, Edwin",BAT,10.0,0.157
2024,621466,"Stewart, DJ",BAT,194.0,0.29
2024,621493,"Ward, Taylor",BAT,663.0,0.325
2024,621512,"Nido, Tomás",BAT,140.0,0.231
2024,621545,"Remillard, Zach",BAT,39.0,0.305
2024,621550,"Wisdom, Patrick",BAT,174.0,0.271
2024,621563,"Wendle, Joey",BAT,37.0,0.219
2024,621566,"Olson, Matt",BAT,685.0,0.339
2024,622110,"Duffy, Matt",BAT,10.0,0.386
2024,622268,"Walton, Donovan",BAT,25.0,0.236
2024,622491,"Castillo, Luis",BAT,1.0,0.0
2024,622534,"Margot, Manuel",BAT,343.0,0.276
2024,622569,"Reyes, Pablo",BAT,64.0,0.207
2024,622761,"Mateo, Jorge",BAT,208.0,0.286
2024,623168,"Heineman, Tyler",BAT,16.0,0.229
2024,623520,"Bote, David",BAT,48.0,0.317
2024,623912,"Ramírez, Harold",BAT,246.0,0.265
2024,623993,"Santander, Anthony",BAT,665.0,0.345
2024,624413,"Alonso, Pete",BAT,695.0,0.34
2024,624415,"Biggio, Cavan",BAT,224.0,0.285
2024,624424,"Conforto, Michael",BAT,488.0,0.327
2024,624428,"Frazier, Adam",BAT,294.0,0.261
2024,624431,"Trevino, Jose",BAT,234.0,0.284
2024,624503,"Gordon, Nick",BAT,275.0,0.271
2024,624512,"McGuire, Reese",BAT,158.0,0.259
2024,624585,"Soler, Jorge",BAT,574.0,0.34
2024,624641,"Sosa, Edmundo",BAT,274.0,0.318
2024,628451,"Ibáñez, Andy",BAT,244.0,0.287
2024,630105,"Cronenworth, Jake",BAT,656.0,0.315
2024,640492,"Azócar, José",BAT,79.0,0.235
2024,640902,"Pereda, Jhonny",BAT,40.0,0.216
2024,641313,"Anderson, Tim",BAT,241.0,0.208
2024,641343,"Bauers, Jake",BAT,346.0,0.294
2024,641355,"Bellinger, Cody",BAT,569.0,0.322
2024,641432,"Calhoun, Willie",BAT,254.0,0.305
2024,641487,"Crawford, J.P.",BAT,451.0,0.283
2024,641511,"Delay, Jason",BAT,19.0,0.324
2024,641584,"Fraley, Jake",BAT,382.0,0.314
2024,641598,"Garver, Mitch",BAT,430.0,0.281
2024,641645,"Guillorme, Luis",BAT,187.0,0.263
2024,641658,"Hampson, Garrett",BAT,231.0,0.255
2024,641680,"Heim, Jonah",BAT,491.0,0.265
2024,641779,"Leblanc, Charles",BAT,28.0,0.382
2024,641856,"McKinney, Billy",BAT,28.0,0.246
2024,641857,"McMahon, Ryan",BAT,645.0,0.315
2024,641933,"O'Neill, Tyler",BAT,473.0,0.36
2024,641943,"Palacios, Joshua",BAT,78.0,0.307
2024,642020,"Robinson, Chuckie",BAT,76.0,0.159
2024,642086,"Smith, Dominic",BAT,307.0,0.306
2024,642133,"Tellez, Rowdy",BAT,421.0,0.301
2024,642136,"Thaiss, Matt",BAT,186.0,0.286
2024,642180,"Wade, Tyler",BAT,156.0,0.242
2024,642197,"Westbrook, Jamie",BAT,48.0,0.252
2024,642201,"White, Eli",BAT,42.0,0.335
2024,642215,"Wilson, Weston",BAT,98.0,0.358
2024,642350,"Siri, Jose",BAT,448.0,0.271
2024,642708,"Rosario, Amed",BAT,346.0,0.299
2024,642715,"Adames, Willy",BAT,688.0,0.342
2024,642731,"Estrada, Thairo",BAT,381.0,0.256
2024,642851,"Wynns, Austin",BAT,20.0,0.419
2024,643217,"Benintendi, Andrew",BAT,522.0,0.298
2024,643265,"Cooper, Garrett",BAT,116.0,0.253
2024,643289,"Dubón, Mauricio",BAT,428.0,0.286
2024,643376,"Jansen, Danny",BAT,324.0,0.294
2024,643393,"Kemp, Tony",BAT,10.0,0.069
2024,643396,"Kiner-Falefa, Isiah",BAT,496.0,0.299
2024,643446,"McNeil, Jeff",BAT,472.0,0.304
2024,643565,"Tauchman, Mike",BAT,350.0,0.325
2024,644433,"Tromp, Chadwick",BAT,54.0,0.266
2024,645277,"Albies, Ozzie",BAT,435.0,0.307
2024,645302,"Robles, Victor",BAT,295.0,0.357
2024,645305,"Sánchez, Ali",BAT,96.0,0.184
2024,645444,"Herrera, Jose",BAT,114.0,0.271
2024,645801,"Ford, Mike",BAT,62.0,0.18
2024,646240,"Devers, Rafael",BAT,601.0,0.364
2024,647304,"Naylor, Josh",BAT,633.0,0.332
2024,647351,"Toro, Abraham",BAT,364.0,0.283
2024,649557,"Díaz, Aledmys",BAT,34.0,0.098
2024,649966,"Urías, Luis",BAT,109.0,0.309
2024,650333,"Arraez, Luis",BAT,672.0,0.323
2024,650391,"Jiménez, Eloy",BAT,349.0,0.276
2024,650402,"Torres, Gleyber",BAT,665.0,0.313
2024,650489,"Castro, Willi",BAT,635.0,0.317
2024,650490,"Díaz, Yandy",BAT,621.0,0.331
2024,650559,"De La Cruz, Bryan",BAT,622.0,0.283
2024,650859,"Rengifo, Luis",BAT,304.0,0.335
2024,650907,"Pinto, René",BAT,49.0,0.31
2024,655316,"Monasterio, Andruw",BAT,142.0,0.266
2024,656180,"Adams, Riley",BAT,130.0,0.275
2024,656248,"Bouchard, Sean",BAT,108.0,0.266
2024,656305,"Chapman, Matt",BAT,647.0,0.34
2024,656413,"Fairchild, Stuart",BAT,233.0,0.288
2024,656448,"Garrett, Stone",BAT,6.0,0.812
2024,656484,"Gray, Tristan",BAT,31.0,0.164
2024,656537,"Hill, Derek",BAT,172.0,0.296
2024,656541,"Hilliard, Sam",BAT,158.0,0.342
2024,656555,"Hoskins, Rhys",BAT,517.0,0.313
2024,656577,"Jackson, Alex",BAT,155.0,0.2
2024,656582,"Joe, Connor",BAT,416.0,0.305
2024,656716,"McKinstry, Zach",BAT,325.0,0.27
2024,656775,"Mullins, Cedric",BAT,499.0,0.31
2024,656811,"O'Hearn, Ryan",BAT,494.0,0.33
2024,656883,"Reetz, Jakson",BAT,15.0,0.266
2024,656896,"Rivera, Emmanuel",BAT,302.0,0.291
2024,656941,"Schwarber, Kyle",BAT,692.0,0.366
2024,656976,"Smith, Pavin",BAT,158.0,0.377
2024,657041,"Thomas, Lane",BAT,528.0,0.309
2024,657061,"Tucker, Cole",BAT,57.0,0.25
2024,657077,"Verdugo, Alex",BAT,621.0,0.283
2024,657088,"Wall, Forrest",BAT,35.0,0.261
2024,657136,"Wong, Connor",BAT,487.0,0.33
2024,657193,"Alvarez, Eddy",BAT,11.0,0.128
2024,657557,"DeJong, Paul",BAT,482.0,0.302
2024,657656,"Laureano, Ramón",BAT,309.0,0.324
2024,657757,"Sheets, Gavin",BAT,501.0,0.291
2024,658668,"Olivares, Edward",BAT,196.0,0.276
2024,660162,"Moncada, Yoán",BAT,45.0,0.333
2024,660271,"Ohtani, Shohei",BAT,731.0,0.431
2024,660636,"Castillo, Diego",BAT,8.0,0.439
2024,660644,"Bruján, Vidal",BAT,278.0,0.276
2024,660670,"Acuña Jr., Ronald",BAT,222.0,0.322
2024,660688,"Ruiz, Keibert",BAT,485.0,0.268
2024,660707,"Montero, Elehuris",BAT,247.0,0.254
2024,660758,"Fabian, Sandro",BAT,5.0,0.0
2024,660766,"Yepez, Juan",BAT,249.0,0.331
2024,660821,"Sánchez, Jesús",BAT,537.0,0.317
2024,660844,"Rivas, Leo",BAT,86.0,0.282
2024,661388,"Contreras, William",BAT,679.0,0.359
2024,661531,"Serven, Brian",BAT,71.0,0.217
2024,662139,"Varsho, Daulton",BAT,513.0,0.304
2024,663330,"Jones, Jahmai",BAT,47.0,0.302
2024,663368,"Perkins, Blake",BAT,434.0,0.288
2024,663457,"Nootbaar, Lars",BAT,405.0,0.331
2024,663527,"Nevin, Tyler",BAT,278.0,0.276
2024,663538,"Hoerner, Nico",BAT,641.0,0.313
2024,663550,"Cabbage, Trey",BAT,91.0,0.258
2024,663586,"Riley, Austin",BAT,469.0,0.338
2024,663604,"Lockridge, Brandon",BAT,12.0,0.244
2024,663609,"Baker, Luken",BAT,49.0,0.294
2024,663611,"Madrigal, Nick",BAT,94.0,0.245
2024,663616,"Larnach, Trevor",BAT,400.0,0.336
2024,663624,"Mountcastle, Ryan",BAT,507.0,0.316
2024,663630,"McKenna, Ryan",BAT,15.0,0.378
2024,663647,"Hayes, Ke'Bryan",BAT,396.0,0.256
2024,663656,"Tucker, Kyle",BAT,339.0,0.419
2024,663662,"Cameron, Daz",BAT,186.0,0.258
2024,663697,"India, Jonathan",BAT,637.0,0.333
2024,663698,"Bart, Joey",BAT,282.0,0.347
2024,663728,"Raleigh, Cal",BAT,628.0,0.323
2024,663743,"Fortes, Nick",BAT,335.0,0.252
2024,663757,"Grisham, Trent",BAT,209.0,0.295
2024,663837,"Vierling, Matt",BAT,567.0,0.317
2024,663853,"Gonzalez, Romy",BAT,216.0,0.311
2024,663886,"Stephenson, Tyler",BAT,515.0,0.339
2024,663897,"Williams, Luke",BAT,52.0,0.246
2024,663898,"Rodgers, Brendan",BAT,539.0,0.314
2024,663905,"Blankenhorn, Travis",BAT,32.0,0.143
2024,663967,"Salazar, César",BAT,32.0,0.343
2024,663993,"Lowe, Nathaniel",BAT,565.0,0.337
2024,664023,"Happ, Ian",BAT,657.0,0.341
2024,664034,"France, Ty",BAT,535.0,0.296
2024,664040,"Lowe, Brandon",BAT,425.0,0.335
2024,664056,"Bader, Harrison",BAT,437.0,0.285
2024,664058,"Fletcher, David",BAT,9.0,0.196
2024,664059,"Haggerty, Sam",BAT,16.0,0.098
2024,664238,"Moore, Dylan",BAT,441.0,0.306
2024,664314,"Florial, Estevan",BAT,111.0,0.277
2024,664702,"Straw, Myles",BAT,4.0,0.22
2024,664728,"Isbel, Kyle",BAT,426.0,0.286
2024,664761,"Bohm, Alec",BAT,606.0,0.335
2024,664770,"Lukes, Nathan",BAT,91.0,0.351
2024,664774,"Wade Jr., LaMonte",BAT,401.0,0.337
2024,664874,"Zavala, Seby",BAT,43.0,0.221
2024,664901,"Mendick, Danny",BAT,141.0,0.247
2024,664913,"Brown, Seth",BAT,400.0,0.289
2024,664954,"Sullivan, Brett",BAT,17.0,0.265
2024,664983,"McCarthy, Jake",BAT,495.0,0.329
2024,665019,"Clemens, Kody",BAT,120.0,0.301
2024,665052,"Conine, Griffin",BAT,89.0,0.337
2024,665120,"Walsh, Jared",BAT,60.0,0.289
2024,665155,"Maton, Nick",BAT,5.0,0.0
2024,665161,"Peña, Jeremy",BAT,650.0,0.305
2024,665487,"Tatis Jr., Fernando",BAT,438.0,0.359
2024,665489,"Guerrero Jr., Vladimir",BAT,697.0,0.398
2024,665506,"Pache, Cristian",BAT,183.0,0.25
2024,665561,"Marchán, Rafael",BAT,56.0,0.382
2024,665742,"Soto, Juan",BAT,713.0,0.421
2024,665750,"Taveras, Leody",BAT,529.0,0.282
2024,665782,"De Los Santos, Luis",BAT,31.0,0.211
2024,665804,"Amaya, Miguel",BAT,363.0,0.283
2024,665828,"Cabrera, Oswaldo",BAT,326.0,0.29
2024,665833,"Cruz, Oneil",BAT,599.0,0.331
2024,665839,"Valdez, Enmanuel",BAT,223.0,0.275
2024,665856,"Camargo, Jair",BAT,7.0,0.098
2024,665862,"Chisholm Jr., Jazz",BAT,621.0,0.327
2024,665877,"Fermín, José",BAT,79.0,0.207
2024,665923,"Ruiz, Esteury",BAT,65.0,0.281
2024,665926,"Giménez, Andrés",BAT,633.0,0.281
2024,665953,"Chaparro, Andrés",BAT,132.0,0.301
2024,665966,"Narváez, Carlos",BAT,15.0,0.268
2024,666018,"Aranda, Jonathan",BAT,143.0,0.32
2024,666023,"Fermin, Freddy",BAT,368.0,0.3
2024,666134,"Jones, Nolan",BAT,297.0,0.287
2024,666135,"Kirilloff, Alex",BAT,178.0,0.282
2024,666139,"Lowe, Josh",BAT,387.0,0.299
2024,666149,"Fitzgerald, Tyler",BAT,341.0,0.357
2024,666150,"Fletcher, Dominic",BAT,241.0,0.227
2024,666152,"Hamilton, David",BAT,317.0,0.305
2024,666158,"Lux, Gavin",BAT,487.0,0.31
2024,666160,"Moniak, Mickey",BAT,418.0,0.281
2024,666163,"Rortvedt, Ben",BAT,328.0,0.283
2024,666165,"Sabol, Blake",BAT,38.0,0.352
2024,666176,"Adell, Jo",BAT,451.0,0.296
2024,666181,"Benson, Will",BAT,388.0,0.285
2024,666182,"Bichette, Bo",BAT,336.0,0.264
2024,666185,"Carlson, Dylan",BAT,265.0,0.257
2024,666197,"Kessinger, Grae",BAT,25.0,0.112
2024,666211,"Trammell, Taylor",BAT,8.0,0.196
2024,666310,"Naylor, Bo",BAT,389.0,0.269
2024,666397,"Julien, Edouard",BAT,301.0,0.278
2024,666464,"Encarnacion, Jerar",BAT,119.0,0.301
2024,666624,"Morel, Christopher",BAT,611.0,0.28
2024,666703,"Rosario, Eguy",BAT,57.0,0.345
2024,666915,"Dalbec, Bobby",BAT,93.0,0.194
2024,666969,"García, Adolis",BAT,637.0,0.296
2024,666971,"Gurriel Jr., Lourdes",BAT,553.0,0.327
2024,667428,"Koch, Grant",BAT,8.0,0.086
2024,667452,"Julks, Corey",BAT,189.0,0.26
2024,667472,"Myers, Dane",BAT,108.0,0.335
2024,667670,"Rooker, Brent",BAT,614.0,0.392
2024,668227,"Arozarena, Randy",BAT,648.0,0.32
2024,668670,"Rogers, Jake",BAT,337.0,0.264
2024,668709,"Bleday, JJ",BAT,642.0,0.33
2024,668715,"Steer, Spencer",BAT,656.0,0.316
2024,668723,"Vilade, Ryan",BAT,49.0,0.2
2024,668731,"Baddoo, Akil",BAT,82.0,0.23
2024,668752,"Ellis, Duke",BAT,5.0,0.176
2024,668800,"Knizner, Andrew",BAT,93.0,0.174
2024,668804,"Reynolds, Bryan",BAT,692.0,0.343
2024,668832,"McCann, Kyle",BAT,157.0,0.304
2024,668843,"Capel, Conner",BAT,8.0,0.22
2024,668845,"Schunk, Aaron",BAT,98.0,0.257
2024,668853,"Shenton, Austin",BAT,50.0,0.33
2024,668885,"Martin, Austin",BAT,257.0,0.297
2024,668901,"Vientos, Mark",BAT,454.0,0.356
2024,668904,"Lewis, Royce",BAT,325.0,0.317
2024,668930,"Turang, Brice",BAT,619.0,0.294
2024,668939,"Rutschman, Adley",BAT,638.0,0.309
2024,668942,"Rojas, Josh",BAT,476.0,0.286
2024,668952,"Kreidler, Ryan",BAT,65.0,0.177
2024,669003,"Mitchell, Garrett",BAT,224.0,0.351
2024,669004,"Melendez, MJ",BAT,451.0,0.292
2024,669016,"Marsh, Brandon",BAT,476.0,0.326
2024,669065,"Stowers, Kyle",BAT,209.0,0.265
2024,669087,"Huff, Sam",BAT,4.0,0.172
2024,669127,"Langeliers, Shea",BAT,534.0,0.315
2024,669134,"Campusano, Luis",BAT,299.0,0.282
2024,669137,"Alvarez, Armando",BAT,39.0,0.248
2024,669200,"McCoy, Mason",BAT,57.0,0.241
2024,669208,"Bliss, Ryan",BAT,71.0,0.3
2024,669221,"Murphy, Sean",BAT,264.0,0.281
2024,669222,"Senzel, Nick",BAT,267.0,0.273
2024,669224,"Wells, Austin",BAT,414.0,0.315
2024,669234,"Malloy, Justyn-Henry",BAT,230.0,0.291
2024,669242,"Edman, Tommy",BAT,153.0,0.307
2024,669257,"Smith, Will",BAT,544.0,0.326
2024,669261,"Suwinski, Jack",BAT,277.0,0.26
2024,669288,"Johnson, Daniel",BAT,1.0,0.0
2024,669289,"Espinal, Santiago",BAT,391.0,0.285
2024,669304,"Miranda, Jose F",BAT,429.0,0.328
2024,669326,"Teodosio, Bryce",BAT,12.0,0.073
2024,669352,"Thompson, Bubba",BAT,18.0,0.119
2024,669357,"Gorman, Nolan",BAT,402.0,0.29
2024,669364,"Edwards, Xavier",BAT,303.0,0.359
2024,669369,"Johnson, Bryce",BAT,73.0,0.243
2024,669374,"Hiura, Keston",BAT,27.0,0.131
2024,669392,"Taylor, Samad",BAT,5.0,0.353
2024,669394,"Burger, Jake",BAT,579.0,0.325
2024,669397,"Allen, Nick",BAT,105.0,0.207
2024,669450,"Hummel, Cooper",BAT,8.0,0.0
2024,669477,"Schmitt, Casey",BAT,113.0,0.323
2024,669699,"Shewmake, Braden",BAT,67.0,0.144
2024,669701,"Smith, Josh",BAT,592.0,0.323
2024,669707,"Triolo, Jared",BAT,446.0,0.275
2024,669720,"Hays, Austin",BAT,255.0,0.303
2024,669743,"Call, Alex",BAT,113.0,0.412
2024,669911,"Toglia, Michael",BAT,458.0,0.329
2024,670032,"Lopez, Nicky",BAT,445.0,0.275
2024,670042,"Raley, Luke",BAT,455.0,0.339
2024,670092,"Brooks, Trenton",BAT,29.0,0.186
2024,670097,"Short, Zack",BAT,88.0,0.228
2024,670156,"Mastrobuoni, Miles",BAT,106.0,0.214
2024,670223,"Mervis, Matt",BAT,28.0,0.137
2024,670224,"Misner, Kameron",BAT,15.0,0.059
2024,670242,"Wallner, Matt",BAT,261.0,0.385
2024,670276,"Stevenson, Cal",BAT,27.0,0.314
2024,670541,"Alvarez, Yordan",BAT,635.0,0.402
2024,670623,"Paredes, Isaac",BAT,641.0,0.327
2024,670764,"Walls, Taylor",BAT,252.0,0.245
2024,670770,"Friedl, TJ",BAT,341.0,0.305
2024,670869,"Soto, Livan",BAT,16.0,0.318
2024,671056,"Herrera, Iván",BAT,259.0,0.351
2024,671083,"Kennedy, Buddy",BAT,26.0,0.301
2024,671117,"Baker, Darren",BAT,14.0,0.494
2024,671213,"Casas, Triston",BAT,243.0,0.342
2024,671218,"Ramos, Heliot",BAT,518.0,0.339
2024,671221,"Waters, Drew",BAT,19.0,0.269
2024,671277,"García Jr., Luis",BAT,528.0,0.328
2024,671286,"Rodríguez, Johnathan",BAT,40.0,0.253
2024,671289,"Freeman, Tyler",BAT,383.0,0.283
2024,671732,"Butler, Lawrence",BAT,451.0,0.345
2024,671739,"Harris II, Michael",BAT,470.0,0.312
2024,672012,"Black, Tyler",BAT,57.0,0.265
2024,672275,"Bailey, Patrick",BAT,448.0,0.281
2024,672279,"Siani, Michael",BAT,334.0,0.257
2024,672284,"Kelenic, Jarred",BAT,449.0,0.294
2024,672356,"Arias, Gabriel",BAT,161.0,0.263
2024,672386,"Kirk, Alejandro",BAT,386.0,0.297
2024,672515,"Moreno, Gabriel",BAT,351.0,0.325
2024,672569,"Campero, Gustavo",BAT,48.0,0.271
2024,672580,"Garcia, Maikel",BAT,626.0,0.27
2024,672640,"Lopez, Otto",BAT,434.0,0.302
2024,672642,"Berroa, Steward",BAT,45.0,0.268
2024,672695,"Perdomo, Geraldo",BAT,388.0,0.317
2024,672701,"Devers, José",BAT,4.0,0.22
2024,672724,"Peraza, Oswald",BAT,11.0,0.329
2024,672744,"Canario, Alexander",BAT,28.0,0.35
2024,672761,"Pérez, Wenceel",BAT,425.0,0.299
2024,672820,"Sosa, Lenyn",BAT,369.0,0.28
2024,673237,"Diaz, Yainer",BAT,619.0,0.329
2024,673357,"Robert Jr., Luis",BAT,425.0,0.285
2024,673490,"Kim, Ha-Seong",BAT,470.0,0.308
2024,673548,"Suzuki, Seiya",BAT,585.0,0.365
2024,673962,"Jung, Josh",BAT,188.0,0.311
2024,673995,"Wendzel, Davis",BAT,49.0,0.176
2024,674441,"Hurtubise, Jacob",BAT,68.0,0.253
2024,675659,"Jones, Greg",BAT,6.0,0.456
2024,675915,"Bañuelos, David",BAT,1.0,0.0
2024,675961,"Williams, Alika",BAT,96.0,0.237
2024,676059,"Westburg, Jordan",BAT,447.0,0.34
2024,676070,"Amaya, Jacob",BAT,72.0,0.19
2024,676113,"DeLoach, Zach",BAT,75.0,0.279
2024,676116,"Noda, Ryan",BAT,111.0,0.223
2024,676356,"DeLuca, Jonny",BAT,362.0,0.269
2024,676369,"Velázquez, Nelson",BAT,230.0,0.28
2024,676391,"Clement, Ernie",BAT,452.0,0.297
2024,676439,"Feduccia, Hunter",BAT,14.0,0.35
2024,676475,"Burleson, Alec",BAT,595.0,0.319
2024,676551,"Hicklen, Brewer",BAT,5.0,0.0
2024,676572,"Wagaman, Eric",BAT,74.0,0.29
2024,676609,"Caballero, José",BAT,483.0,0.277
2024,676632,"Madris, Bligh",BAT,75.0,0.301
2024,676679,"Vázquez, Luis",BAT,14.0,0.114
2024,676694,"Meyers, Jake",BAT,513.0,0.285
2024,676701,"Trejo, Alan",BAT,67.0,0.152
2024,676801,"McCormick, Chas",BAT,267.0,0.257
2024,676896,"Roller, Chris",BAT,1.0,0.0
2024,676914,"Schneider, Davis",BAT,454.0,0.277
2024,676946,"Batten, Matthew",BAT,3.0,0.53
2024,677008,"Kjerstad, Heston",BAT,114.0,0.327
2024,677347,"Paris, Kyren",BAT,59.0,0.207
2024,677587,"Rocchio, Brayan",BAT,442.0,0.276
2024,677588,"Tena, José",BAT,168.0,0.286
2024,677594,"Rodríguez, Julio",BAT,613.0,0.321
2024,677649,"Duran, Ezequiel",BAT,285.0,0.27
2024,677800,"Abreu, Wilyer",BAT,447.0,0.336
2024,677870,"Jiménez, Leo",BAT,210.0,0.308
2024,677941,"Adams, Jordyn",BAT,38.0,0.271
2024,677942,"Alexander, Blaze",BAT,185.0,0.298
2024,677950,"Thomas, Alek",BAT,103.0,0.262
2024,677951,"Witt Jr., Bobby",BAT,709.0,0.41
2024,677956,"Hinds, Rece",BAT,51.0,0.433
2024,678009,"Meadows, Parker",BAT,298.0,0.321
2024,678225,"Bae, Ji Hwan",BAT,81.0,0.213
2024,678246,"Vargas, Miguel",BAT,237.0,0.233
2024,678489,"Barrosa, Jorge",BAT,18.0,0.199
2024,678554,"Mead, Curtis",BAT,132.0,0.255
2024,678662,"Tovar, Ezequiel",BAT,695.0,0.324
2024,678877,"Noel, Jhonkensy",BAT,198.0,0.331
2024,678882,"Rafaela, Ceddanne",BAT,571.0,0.286
2024,678894,"Peguero, Liover",BAT,10.0,0.214
2024,679032,"Rojas, Johan",BAT,363.0,0.265
2024,679529,"Torkelson, Spencer",BAT,381.0,0.295
2024,679822,"Foscue, Justin",BAT,44.0,0.08
2024,679845,"Loftin, Nick",BAT,171.0,0.242
2024,679881,"Martínez, J.P.",BAT,10.0,0.214
2024,680118,"Blanco, Dairon",BAT,132.0,0.306
2024,680474,"Schuemann, Max",BAT,459.0,0.281
2024,680577,"Keirsey Jr., DaShawn",BAT,14.0,0.261
2024,680700,"Palacios, Richie",BAT,316.0,0.303
2024,680716,"Ornelas, Jonathan",BAT,40.0,0.235
2024,680718,"Barger, Addison",BAT,225.0,0.262
2024,680728,"Del Castillo, Adrian",BAT,87.0,0.384
2024,680737,"Helman, Michael",BAT,10.0,0.339
2024,680757,"Kwan, Steven",BAT,540.0,0.349
2024,680769,"Alexander, CJ",BAT,8.0,0.11
2024,680776,"Duran, Jarren",BAT,735.0,0.357
2024,680777,"Jeffers, Ryan",BAT,465.0,0.317
2024,680779,"Davis, Henry",BAT,122.0,0.213
2024,680869,"Gelof, Zack",BAT,547.0,0.276
2024,680911,"Miller, Owen",BAT,27.0,0.177
2024,680977,"Donovan, Brendan",BAT,652.0,0.332
2024,681082,"Stott, Bryson",BAT,571.0,0.296
2024,681146,"Bride, Jonah",BAT,272.0,0.351
2024,681297,"Cowser, Colton",BAT,561.0,0.331
2024,681351,"O'Hoppe, Logan",BAT,522.0,0.311
2024,681393,"Norby, Connor",BAT,194.0,0.316
2024,681460,"Baldwin, Brooks",BAT,121.0,0.249
2024,681481,"Carpenter, Kerry",BAT,296.0,0.39
2024,681508,"Gasper, Mickey",BAT,23.0,0.151
2024,681546,"Outman, James",BAT,156.0,0.242
2024,681584,"Villar, David",BAT,37.0,0.305
2024,681624,"Pages, Andy",BAT,443.0,0.31
2024,681807,"Fry, David",BAT,392.0,0.347
2024,681962,"Capra, Vinny",BAT,9.0,0.139
2024,682073,"Hensley, David",BAT,58.0,0.265
2024,682119,"Jordan, Levi",BAT,11.0,0.114
2024,682177,"Schneemann, Daniel",BAT,221.0,0.295
2024,682617,"Luciano, Marco",BAT,81.0,0.248
2024,682619,"Martinez, Orelvis",BAT,3.0,0.294
2024,682622,"Marte, Noelvi",BAT,242.0,0.243
2024,682626,"Alvarez, Francisco",BAT,342.0,0.31
2024,682634,"Alcántara, Kevin",BAT,10.0,0.088
2024,682641,"Matos, Luis",BAT,156.0,0.25
2024,682657,"Martínez, Angel",BAT,169.0,0.282
2024,682668,"Acuña, Luisangel",BAT,40.0,0.406
2024,682729,"Clase, Jonatan",BAT,66.0,0.283
2024,682829,"De La Cruz, Elly",BAT,696.0,0.349
2024,682868,"Ramos, Bryan",BAT,108.0,0.257
2024,682928,"Abrams, CJ",BAT,602.0,0.322
2024,682985,"Greene, Riley",BAT,584.0,0.355
2024,682988,"Locklear, Tyler",BAT,49.0,0.238
2024,682998,"Carroll, Corbin",BAT,684.0,0.325
2024,683002,"Henderson, Gunnar",BAT,719.0,0.381
2024,683011,"Volpe, Anthony",BAT,689.0,0.287
2024,683021,"Stefanic, Michael",BAT,124.0,0.258
2024,683083,"Nuñez, Nasim",BAT,78.0,0.3
2024,683146,"Baty, Brett",BAT,171.0,0.282
2024,683734,"Vaughn, Andrew",BAT,619.0,0.304
2024,683737,"Busch, Michael",BAT,567.0,0.336
2024,686217,"Frelick, Sal",BAT,524.0,0.292
2024,686452,"Millas, Drew",BAT,62.0,0.28
2024,686469,"Pasquantino, Vinnie",BAT,554.0,0.325
2024,686482,"Driscoll, Logan",BAT,37.0,0.193
2024,686527,"Canzone, Dominic",BAT,188.0,0.28
2024,686554,"Dunn, Oliver",BAT,104.0,0.266
2024,686555,"Collins, Isaac",BAT,19.0,0.165
2024,686611,"Crews, Dylan",BAT,132.0,0.283
2024,686668,"Doyle, Brenton",BAT,603.0,0.328
2024,686676,"Lee, Korey",BAT,394.0,0.257
2024,686681,"Massey, Michael",BAT,356.0,0.317
2024,686765,"Sogard, Nick",BAT,86.0,0.289
2024,686780,"Pagés, Pedro",BAT,218.0,0.286
2024,686797,"Lee, Brooks",BAT,185.0,0.252
2024,686823,"Brennan, Will",BAT,353.0,0.303
2024,686894,"Wiemer, Joey",BAT,28.0,0.175
2024,687066,"Yang, Eric",BAT,1.0,0.0
2024,687093,"Grissom, Vaughn",BAT,114.0,0.213
2024,687231,"Hernaiz, Darell",BAT,135.0,0.23
2024,687263,"Neto, Zach",BAT,602.0,0.33
2024,687363,"Scott II, Victor",BAT,155.0,0.221
2024,687401,"Ortiz, Joey",BAT,511.0,0.319
2024,687462,"Horwitz, Spencer",BAT,381.0,0.344
2024,687529,"McCray, Grant",BAT,130.0,0.266
2024,687597,"Beck, Jordan",BAT,184.0,0.231
2024,687799,"Marlowe, Cade",BAT,9.0,0.273
2024,687952,"Encarnacion-Strand, Christian",BAT,123.0,0.223
2024,687957,"Harris, Dustin",BAT,7.0,0.57
2024,688363,"Pauley, Graham",BAT,32.0,0.183
2024,689172,"Wisely, Brett",BAT,272.0,0.272
2024,690291,"Jung, Jace",BAT,94.0,0.308
2024,690993,"Keith, Colt",BAT,556.0,0.301
2024,691011,"Romo, Drew",BAT,53.0,0.197
2024,691016,"Soderstrom, Tyler",BAT,213.0,0.322
2024,691023,"Walker, Jordan",BAT,178.0,0.268
2024,691026,"Winn, Masyn",BAT,637.0,0.315
2024,691176,"Domínguez, Jasson",BAT,67.0,0.285
2024,691182,"Amador, Adael",BAT,36.0,0.176
2024,691406,"Caminero, Junior",BAT,177.0,0.309
2024,691594,"Sanoja, Javier",BAT,36.0,0.236
2024,691718,"Crow-Armstrong, Pete",BAT,410.0,0.289
2024,691723,"Mayo, Coby",BAT,46.0,0.152
2024,693049,"Colás, Oscar",BAT,38.0,0.3
2024,693304,"Gonzales, Nick",BAT,387.0,0.307
2024,693307,"Dingler, Dillon",BAT,87.0,0.217
2024,694175,"León, Pedro",BAT,21.0,0.117
2024,694192,"Chourio, Jackson",BAT,573.0,0.339
2024,694355,"Gentry, Tyler",BAT,5.0,0.0
2024,694359,"Kavadas, Niko",BAT,106.0,0.278
2024,694362,"Dunn, Blake",BAT,29.0,0.247
2024,694376,"Whitcomb, Shay",BAT,46.0,0.272
2024,694377,"Yorke, Nick",BAT,42.0,0.289
2024,694384,"Schanuel, Nolan",BAT,607.0,0.315
2024,694388,"Loperfido, Joey",BAT,262.0,0.268
2024,694497,"Carter, Evan",BAT,162.0,0.278
2024,694671,"Langford, Wyatt",BAT,557.0,0.321
2024,695238,"Wagner, Will",BAT,86.0,0.342
2024,695257,"Cook, Billy",BAT,49.0,0.285
2024,695336,"Saggese, Thomas",BAT,52.0,0.247
2024,695391,"Harris, Brett",BAT,123.0,0.252
2024,695578,"Wood, James",BAT,336.0,0.342
2024,696100,"Goodman, Hunter",BAT,224.0,0.274
2024,696285,"Young, Jacob",BAT,521.0,0.29
2024,700242,"Sweeney, Trey",BAT,119.0,0.279
2024,700250,"Rice, Ben",BAT,178.0,0.269
2024,700932,"Manzardo, Kyle",BAT,156.0,0.303
2024,701305,"Dezenzo, Zach",BAT,65.0,0.283
2024,701538,"Merrill, Jackson",BAT,593.0,0.352
2024,702358,"Lipscomb, Trey",BAT,211.0,0.231
2024,702616,"Holliday, Jackson",BAT,208.0,0.251
2024,805373,"Alvarez Jr., Nacho",BAT,32.0,0.128
2024,805779,"Wilson, Jacob",BAT,103.0,0.281
2024,807799,"Yoshida, Masataka",BAT,421.0,0.336
2024,808982,"Lee, Jung Hoo",BAT,158.0,0.284
2024,543063,"Crawford, Brandon",P,10.0,0.474
2024,571912,"Maile, Luke",P,18.0,0.46
2024,624431,"Trevino, Jose",P,13.0,0.531
2024,641658,"Hampson, Garrett",P,4.0,0.18
2024,656716,"McKinstry, Zach",P,8.0,0.342
2024,656896,"Rivera, Emmanuel",P,20.0,0.403
2024,657193,"Alvarez, Eddy",P,5.0,0.395
2024,445276,"Jansen, Kenley",RP,218.0,0.253
2024,445926,"Chavez, Jesse",RP,264.0,0.315
2024,448179,"Hill, Rich",RP,15.0,0.322
2024,455119,"Martin, Chris",RP,180.0,0.293
2024,458677,"Wilson, Justin",RP,209.0,0.354
2024,472610,"García, Luis",RP,254.0,0.314
2024,489446,"Yates, Kirby",RP,237.0,0.186
2024,493603,"Ottavino, Adam",RP,245.0,0.305
2024,502085,"Robertson, David",RP,297.0,0.257
2024,502624,"Anderson, Chase",RP,255.0,0.329
2024,518397,"Alexander, Scott",RP,160.0,0.268
2024,518489,"Brasier, Ryan",RP,110.0,0.265
2024,518585,"Cruz, Fernando",RP,288.0,0.307
2024,518617,"Diekman, Jake",RP,145.0,0.35
2024,518886,"Kimbrel, Craig",RP,232.0,0.309
2024,519008,"McFarland, T.J.",RP,235.0,0.293
2024,519043,"Moore, Matt",RP,210.0,0.329
2024,519151,"Pressly, Ryan",RP,244.0,0.314
2024,519293,"Smith, Will",RP,186.0,0.347
2024,519326,"Strickland, Hunter",RP,294.0,0.286
2024,523260,"Kelly, Joe",RP,143.0,0.344
2024,528748,"Castellanos, Humberto",RP,48.0,0.313
2024,541640,"Ramírez, Erasmo",RP,85.0,0.282
2024,542585,"Cisnero, José",RP,74.0,0.387
2024,542882,"Andriese, Matt",RP,26.0,0.384
2024,542888,"Armstrong, Shawn",RP,295.0,0.345
2024,543056,"Coulombe, Danny",RP,107.0,0.199
2024,543238,"Gose, Anthony",RP,22.0,0.566
2024,543339,"Hudson, Daniel",RP,253.0,0.274
2024,543351,"Jackson, Jay",RP,114.0,0.362
2024,543391,"Kelly, Casey",RP,21.0,0.316
2024,543475,"Lyles, Jordan",RP,19.0,0.205
2024,543518,"McGough, Scott",RP,150.0,0.382
2024,543766,"Shaw, Bryan",RP,24.0,0.496
2024,543859,"Tonkin, Michael",RP,340.0,0.296
2024,547184,"Kelly, Michael",RP,128.0,0.294
2024,547973,"Chapman, Aroldis",RP,264.0,0.289
2024,548384,"Raley, Brooks",RP,25.0,0.168
2024,552640,"Kittredge, Andrew",RP,287.0,0.289
2024,554340,"García, Yimi",RP,153.0,0.252
2024,554431,"Matzek, Tyler",RP,48.0,0.432
2024,570257,"Rodríguez, Joely",RP,64.0,0.372
2024,571527,"Buchanan, David",RP,14.0,0.251
2024,571539,"Carasiti, Matt",RP,43.0,0.473
2024,571656,"Farmer, Buck",RP,299.0,0.293
2024,571670,"Floro, Dylan",RP,279.0,0.285
2024,571882,"Law, Derek",RP,365.0,0.282
2024,571946,"Miller, Shelby",RP,225.0,0.28
2024,571948,"Milner, Hoby",RP,268.0,0.297
2024,572143,"Smith, Burch",RP,241.0,0.328
2024,572955,"Johnson, Pierce",RP,236.0,0.302
2024,573009,"Mantiply, Joe",RP,243.0,0.265
2024,573124,"Rogers, Taylor",RP,249.0,0.309
2024,573204,"Thielbar, Caleb",RP,216.0,0.327
2024,592094,"Adam, Jason",RP,282.0,0.224
2024,592155,"Booser, Cam",RP,183.0,0.304
2024,592288,"Emanuel, Kent",RP,82.0,0.379
2024,592426,"Jackson, Luke",RP,235.0,0.328
2024,592454,"Kahnle, Tommy",RP,179.0,0.278
2024,592741,"Shreve, Chasen",RP,4.0,0.22
2024,592767,"Smyly, Drew",RP,257.0,0.325
2024,592773,"Stanek, Ryne",RP,241.0,0.307
2024,592779,"Stewart, Brock",RP,67.0,0.331
2024,593576,"Neris, Héctor",RP,260.0,0.324
2024,593974,"Peralta, Wandy",RP,162.0,0.307
2024,594580,"Moll, Sam",RP,152.0,0.261
2024,595014,"Treinen, Blake",RP,184.0,0.257
2024,595345,"Okert, Steven",RP,160.0,0.347
2024,595881,"Beede, Tyler",RP,68.0,0.393
2024,595897,"Burdi, Nick",RP,45.0,0.294
2024,595928,"Curtiss, John",RP,12.0,0.698
2024,596133,"Weaver, Luke",RP,331.0,0.256
2024,598264,"Barnes, Matt",RP,60.0,0.331
2024,598286,"Ramirez, Nick",RP,63.0,0.353
2024,600917,"Leclerc, José",RP,288.0,0.3
2024,600986,"Vieira, Thyago",RP,177.0,0.361
2024,605121,"Anderson, Justin",RP,243.0,0.314
2024,605130,"Barlow, Scott",RP,241.0,0.306
2024,605154,"Brebbia, John",RP,242.0,0.337
2024,605155,"Brewer, Colten",RP,95.0,0.339
2024,605177,"Chafin, Andrew",RP,246.0,0.301
2024,605280,"Holmes, Clay",RP,271.0,0.292
2024,605335,"Leibrandt, Brandon",RP,32.0,0.456
2024,605347,"López, Jorge",RP,216.0,0.298
2024,605447,"Romano, Jordan",RP,62.0,0.378
2024,605463,"Scott, Tayler",RP,282.0,0.275
2024,606149,"Gallegos, Giovanny",RP,94.0,0.409
2024,606160,"Montero, Rafael",RP,164.0,0.352
2024,606303,"Payamps, Joel",RP,235.0,0.254
2024,606930,"Barnes, Jacob",RP,277.0,0.323
2024,606965,"Devenski, Chris",RP,122.0,0.392
2024,607179,"Weems, Jordan",RP,196.0,0.376
2024,607237,"Garrett, Amir",RP,24.0,0.355
2024,607455,"Banda, Anthony",RP,209.0,0.281
2024,607481,"Bummer, Aaron",RP,244.0,0.305
2024,608032,"Estévez, Carlos",RP,212.0,0.235
2024,608371,"Sims, Lucas",RP,215.0,0.331
2024,608638,"Chargois, JT",RP,146.0,0.269
2024,608648,"Duffey, Tyler",RP,42.0,0.322
2024,608678,"Leone, Dominic",RP,89.0,0.381
2024,608717,"Stratton, Chris",RP,257.0,0.326
2024,608718,"Suter, Brent",RP,270.0,0.305
2024,608723,"Voth, Austin",RP,248.0,0.281
2024,612434,"Castro, Miguel",RP,64.0,0.421
2024,613534,"Adams, Austin",RP,191.0,0.354
2024,614179,"Ruiz, José",RP,217.0,0.32
2024,620982,"Pinto, Ricardo",RP,59.0,0.444
2024,621016,"Cuas, Jose",RP,83.0,0.394
2024,621051,"Wilson, Steven",RP,163.0,0.347
2024,621053,"Ferguson, Tyler",RP,207.0,0.262
2024,621114,"Burr, Ryan",RP,140.0,0.307
2024,621199,"Bowman, Matt",RP,132.0,0.314
2024,621237,"Alvarado, José",RP,258.0,0.288
2024,621242,"Díaz, Edwin",RP,216.0,0.269
2024,621294,"Heller, Ben",RP,66.0,0.423
2024,621345,"Minter, A.J.",RP,134.0,0.277
2024,621363,"Poche, Colin",RP,153.0,0.287
2024,621366,"Borucki, Ryan",RP,51.0,0.385
2024,621381,"Strahm, Matt",RP,237.0,0.221
2024,621383,"Banks, Tanner",RP,310.0,0.293
2024,621399,"Feigl, Brady",RP,11.0,0.735
2024,622065,"Young, Alex",RP,68.0,0.327
2024,622075,"Almonte, Yency",RP,67.0,0.249
2024,622088,"Antone, Tejay",RP,11.0,0.445
2024,622098,"Smith, Drew",RP,79.0,0.337
2024,622103,"Reyes, Gerardo",RP,18.0,0.352
2024,622250,"Sborz, Josh",RP,68.0,0.277
2024,622251,"Staumont, Josh",RP,102.0,0.252
2024,622253,"Tate, Dillon",RP,164.0,0.326
2024,622259,"Wingenter, Trey",RP,42.0,0.413
2024,622503,"Crismatt, Nabil",RP,26.0,0.297
2024,622554,"Domínguez, Seranthony",RP,255.0,0.312
2024,622694,"Hernández, Elieser",RP,64.0,0.355
2024,622766,"Díaz, Miguel",RP,3.0,0.0
2024,622786,"Tinoco, Jesus",RP,162.0,0.241
2024,623149,"Sewald, Paul",RP,165.0,0.311
2024,623211,"Brazobán, Huascar",RP,217.0,0.269
2024,623352,"Hader, Josh",RP,278.0,0.261
2024,623433,"Anderson, Nick",RP,153.0,0.344
2024,623437,"Topa, Justin",RP,8.0,0.11
2024,623451,"Stephens, Jackson",RP,17.0,0.411
2024,623465,"Phillips, Evan",RP,228.0,0.288
2024,623474,"Herget, Jimmy",RP,52.0,0.327
2024,624522,"Thompson, Keegan",RP,127.0,0.277
2024,624647,"González, Victor",RP,97.0,0.277
2024,628452,"Iglesias, Raisel",RP,259.0,0.2
2024,628708,"Marte, Yunior",RP,127.0,0.381
2024,640448,"Finnegan, Kyle",RP,271.0,0.309
2024,640451,"Harvey, Hunter",RP,219.0,0.333
2024,640454,"Krook, Matt",RP,6.0,0.456
2024,640462,"Puk, A.J.",RP,294.0,0.265
2024,640470,"Alzolay, Adbert",RP,75.0,0.387
2024,641149,"Parsons, Wes",RP,38.0,0.34
2024,641329,"Baker, Bryan",RP,93.0,0.311
2024,641360,"Bickford, Phil",RP,39.0,0.319
2024,641401,"Brogdon, Connor",RP,19.0,0.715
2024,641427,"Busenitz, Alan",RP,21.0,0.451
2024,641582,"Foster, Matt",RP,30.0,0.313
2024,641656,"Hamilton, Ian",RP,163.0,0.31
2024,641703,"Honeywell, Brent",RP,150.0,0.3
2024,641726,"Jefferies, Daulton",RP,73.0,0.457
2024,641729,"Jiménez, Joe",RP,277.0,0.23
2024,641745,"Keller, Brad",RP,192.0,0.358
2024,641755,"Kinley, Tyler",RP,285.0,0.341
2024,641771,"Kuhl, Chad",RP,240.0,0.343
2024,641835,"Mayza, Tim",RP,195.0,0.358
2024,641941,"Pagán, Emilio",RP,158.0,0.33
2024,642016,"Robert, Daniel",RP,26.0,0.357
2024,642028,"Rogers, Josh",RP,50.0,0.382
2024,642048,"Saucedo, Tayler",RP,166.0,0.301
2024,642100,"Speier, Gabe",RP,104.0,0.304
2024,642121,"Sulser, Cole",RP,66.0,0.245
2024,642207,"Williams, Devin",RP,88.0,0.228
2024,642232,"Yarbrough, Ryan",RP,398.0,0.273
2024,642397,"Soto, Gregory",RP,244.0,0.34
2024,642520,"Garabito, Gerson",RP,115.0,0.326
2024,642528,"Loáisiga, Jonathan",RP,20.0,0.343
2024,642546,"Hernández, Jonathan",RP,192.0,0.348
2024,642629,"Ramirez, Emmanuel",RP,92.0,0.362
2024,642701,"Santana, Dennis",RP,287.0,0.281
2024,643256,"Cimber, Adam",RP,107.0,0.313
2024,643338,"Green, Chad",RP,210.0,0.276
2024,643361,"Herget, Kevin",RP,43.0,0.216
2024,643377,"Jax, Griffin",RP,276.0,0.227
2024,643410,"Leiter Jr., Mark",RP,256.0,0.308
2024,643493,"Pruitt, Austin",RP,24.0,0.535
2024,643511,"Rogers, Tyler",RP,290.0,0.281
2024,646242,"Díaz, Jhonathan",RP,47.0,0.395
2024,647315,"Pop, Zach",RP,209.0,0.315
2024,650556,"Abreu, Bryan",RP,325.0,0.288
2024,650671,"Quijada, José",RP,84.0,0.305
2024,650893,"Cabrera, Génesis",RP,271.0,0.338
2024,650895,"Castillo, Diego",RP,43.0,0.309
2024,650960,"Duarte, Daniel",RP,15.0,0.266
2024,655889,"Rodríguez, Manuel",RP,158.0,0.268
2024,656186,"Altavilla, Dan",RP,21.0,0.437
2024,656222,"Beeks, Jalen",RP,312.0,0.322
2024,656232,"Bielak, Brandon",RP,140.0,0.391
2024,656234,"Bird, Jake",RP,185.0,0.368
2024,656240,"Blewett, Scott",RP,85.0,0.29
2024,656266,"Bukauskas, J.B.",RP,22.0,0.205
2024,656271,"Burke, Brock",RP,154.0,0.352
2024,656353,"Davidson, Tucker",RP,19.0,0.258
2024,656354,"Davis, Austin",RP,33.0,0.341
2024,656412,"Faedo, Alex",RP,246.0,0.322
2024,656420,"Feyereisen, J.P.",RP,48.0,0.385
2024,656457,"Gilbert, Tyler",RP,38.0,0.328
2024,656458,"Gilbreath, Lucas",RP,12.0,0.791
2024,656464,"Ginkel, Kevin",RP,291.0,0.3
2024,656529,"Hentges, Sam",RP,91.0,0.278
2024,656546,"Hoffman, Jeff",RP,265.0,0.252
2024,656629,"Kopech, Michael",RP,279.0,0.277
2024,656638,"Lange, Alex",RP,90.0,0.327
2024,656641,"Latz, Jacob",RP,192.0,0.318
2024,656657,"Logue, Zach",RP,12.0,0.569
2024,656671,"Maciejewski, Josh",RP,27.0,0.239
2024,656730,"Megill, Trevor",RP,183.0,0.239
2024,656786,"Mushinski, Parker",RP,50.0,0.323
2024,656793,"Nelson, Nick",RP,26.0,0.379
2024,656794,"Newcomb, Sean",RP,45.0,0.376
2024,656848,"Petersen, Michael",RP,90.0,0.358
2024,656887,"Reid-Foley, Sean",RP,90.0,0.243
2024,656924,"Ryan, Ryder",RP,93.0,0.346
2024,656945,"Scott, Tanner",RP,294.0,0.241
2024,657024,"Swanson, Erik",RP,168.0,0.349
2024,657044,"Thompson, Ryan",RP,272.0,0.29
2024,657053,"Toussaint, Touki",RP,117.0,0.437
2024,657097,"Webb, Jacob",RP,237.0,0.266
2024,657240,"Merryweather, Julian",RP,74.0,0.377
2024,657265,"Strzelecki, Peter",RP,47.0,0.314
2024,657508,"Baumann, Mike",RP,264.0,0.344
2024,657514,"Bernardino, Brennan",RP,226.0,0.322
2024,657571,"Ferguson, Caleb",RP,249.0,0.322
2024,657585,"Garrett, Reed",RP,247.0,0.31
2024,657612,"Hill, Tim",RP,291.0,0.299
2024,657649,"Koenig, Jared",RP,265.0,0.273
2024,657697,"Nittoli, Vinny",RP,46.0,0.263
2024,658648,"Avila, Pedro",RP,353.0,0.304
2024,659275,"Lamet, Dinelson",RP,18.0,0.213
2024,660600,"Paredes, Enoli",RP,87.0,0.245
2024,660761,"Suarez, José",RP,240.0,0.371
2024,660813,"Graterol, Brusdar",RP,26.0,0.128
2024,660825,"Bazardo, Eduard",RP,108.0,0.255
2024,660853,"De Los Santos, Enyel",RP,278.0,0.377
2024,660896,"Alcala, Jorge",RP,235.0,0.273
2024,661269,"Gutierrez, Vladimir",RP,17.0,0.305
2024,661395,"Duran, Jhoan",RP,228.0,0.292
2024,661403,"Clase, Emmanuel",RP,270.0,0.175
2024,661527,"Martinez, Seth",RP,222.0,0.323
2024,662253,"Muñoz, Andrés",RP,232.0,0.233
2024,663158,"Suarez, Robert",RP,258.0,0.262
2024,663321,"Hernandez, Nick",RP,34.0,0.417
2024,663423,"Thornton, Trent",RP,294.0,0.302
2024,663432,"Rainey, Tanner",RP,231.0,0.335
2024,663460,"Bubic, Kris",RP,121.0,0.252
2024,663462,"Campbell, Isaiah",RP,37.0,0.496
2024,663485,"Sands, Cole",RP,292.0,0.259
2024,663531,"Allen, Logan",RP,128.0,0.33
2024,663542,"Hudson, Bryan",RP,231.0,0.218
2024,663546,"Hjelle, Sean",RP,337.0,0.306
2024,663562,"Davis, Noah",RP,96.0,0.399
2024,663567,"Lambert, Peter",RP,280.0,0.362
2024,663568,"Kolek, Stephen",RP,211.0,0.336
2024,663574,"Santillan, Tony",RP,122.0,0.25
2024,663704,"McArthur, James",RP,246.0,0.344
2024,663738,"Lynch IV, Daniel",RP,175.0,0.274
2024,663767,"Shugart, Chase",RP,36.0,0.296
2024,663773,"Hoeing, Bryan",RP,210.0,0.259
2024,663878,"Pearson, Nate",RP,285.0,0.333
2024,663893,"Little, Brendon",RP,193.0,0.309
2024,663941,"Beck, Tristan",RP,67.0,0.293
2024,663947,"Holton, Tyler",RP,354.0,0.221
2024,663989,"Vespi, Nick",RP,49.0,0.276
2024,663992,"Lovelady, Richard",RP,147.0,0.304
2024,664076,"Cleavinger, Garrett",RP,266.0,0.308
2024,664079,"Jay, Tyler",RP,36.0,0.366
2024,664123,"Effross, Scott",RP,14.0,0.371
2024,664126,"Fairbanks, Pete",RP,185.0,0.265
2024,664129,"Hartlieb, Geoff",RP,44.0,0.393
2024,664139,"Gibaut, Ian",RP,10.0,0.371
2024,664208,"Maton, Phil",RP,265.0,0.29
2024,664351,"Contreras, Luis",RP,26.0,0.319
2024,664747,"Díaz, Alexis",RP,242.0,0.3
2024,664776,"Cousins, Jake",RP,155.0,0.268
2024,664849,"Young, Danny",RP,165.0,0.297
2024,664854,"Helsley, Ryan",RP,266.0,0.243
2024,664875,"Lawrence, Justin",RP,279.0,0.387
2024,664948,"Misiewicz, Anthony",RP,6.0,0.409
2024,665620,"García, Deivi",RP,68.0,0.354
2024,665625,"Peguero, Elvis",RP,227.0,0.317
2024,665896,"Marte, José",RP,80.0,0.283
2024,666171,"Zeferjahn, Ryan",RP,64.0,0.181
2024,666204,"Jiménez, Dany",RP,117.0,0.361
2024,666205,"Muller, Kyle",RP,202.0,0.294
2024,666207,"Pint, Riley",RP,22.0,0.529
2024,666208,"Speas, Alex",RP,8.0,0.453
2024,666214,"Wentz, Joey",RP,304.0,0.317
2024,666215,"Whitley, Forrest",RP,20.0,0.378
2024,666277,"Soriano, George",RP,131.0,0.36
2024,666619,"Santos, Gregory",RP,31.0,0.269
2024,666720,"Rodríguez, Yerry",RP,105.0,0.414
2024,666745,"Brito, Jhony",RP,185.0,0.308
2024,666808,"Doval, Camilo",RP,271.0,0.327
2024,666818,"Frías, Luis",RP,53.0,0.493
2024,666974,"Cano, Yennier",RP,249.0,0.303
2024,667297,"Nance, Tommy",RP,93.0,0.288
2024,667463,"King, John",RP,248.0,0.28
2024,668338,"Miller, Tyson",RP,235.0,0.242
2024,668390,"Winn, Cole",RP,77.0,0.315
2024,668674,"Erceg, Lucas",RP,253.0,0.259
2024,668941,"Romero, JoJo",RP,243.0,0.305
2024,668943,"Miller, Ryan",RP,58.0,0.34
2024,668968,"Crouse, Hans",RP,107.0,0.273
2024,668970,"Hollowell, Gavin",RP,6.0,0.353
2024,668984,"Legumina, Casey",RP,47.0,0.407
2024,669062,"Miller, Erik",RP,284.0,0.296
2024,669093,"Estrada, Jeremiah",RP,252.0,0.239
2024,669111,"McMillon, John",RP,47.0,0.234
2024,669169,"Heasley, Jonathan",RP,29.0,0.481
2024,669199,"Bachar, Lake",RP,40.0,0.357
2024,669211,"Akin, Keegan",RP,313.0,0.255
2024,669212,"Morgan, Eli",RP,167.0,0.256
2024,669270,"Kuhnel, Joel",RP,39.0,0.248
2024,669276,"Lee, Dylan",RP,240.0,0.277
2024,669308,"Reynolds, Sean",RP,49.0,0.288
2024,669387,"Mlodzinski, Carmen",RP,209.0,0.272
2024,669391,"White, Owen",RP,18.0,0.606
2024,669395,"Coleman, Dylan",RP,4.0,0.172
2024,669422,"Sauer, Matt",RP,84.0,0.408
2024,669438,"Englert, Mason",RP,93.0,0.353
2024,669459,"Nelson, Kyle",RP,42.0,0.289
2024,669461,"Liberatore, Matthew",RP,358.0,0.313
2024,669622,"Bender, Anthony",RP,228.0,0.296
2024,669674,"Long, Sam",RP,176.0,0.286
2024,669711,"Weissert, Greg",RP,263.0,0.31
2024,669724,"Hanifee, Brenan",RP,120.0,0.277
2024,669796,"Hernandez, Jose E.",RP,25.0,0.35
2024,669912,"Snead, Kirby",RP,48.0,0.367
2024,669952,"White, Mitch",RP,110.0,0.366
2024,670036,"Festa, Matt",RP,100.0,0.296
2024,670046,"Rosenberg, Kenny",RP,104.0,0.365
2024,670059,"Holderman, Colin",RP,223.0,0.307
2024,670103,"Burgos, Raymond",RP,7.0,0.476
2024,670161,"Dunshee, Parker",RP,14.0,0.595
2024,670167,"Schreiber, John",RP,224.0,0.287
2024,670174,"Winckowski, Josh",RP,336.0,0.327
2024,670219,"Kristofak, Zac",RP,11.0,0.434
2024,670280,"Bednar, David",RP,262.0,0.319
2024,670810,"Gillaspie, Logan",RP,49.0,0.355
2024,670871,"Zuñiga, Guillo",RP,76.0,0.35
2024,670950,"Richards, Trevor",RP,277.0,0.273
2024,670955,"Uceta, Edwin",RP,159.0,0.213
2024,670970,"Morejon, Adrian",RP,272.0,0.304
2024,670990,"Ramírez, Yohan",RP,208.0,0.351
2024,671109,"Eder, Jake",RP,9.0,0.353
2024,671111,"Peralta, Sammy",RP,72.0,0.387
2024,671305,"Otañez, Michel",RP,151.0,0.291
2024,671345,"Foley, Jason",RP,250.0,0.277
2024,671922,"Smith, Cade",RP,289.0,0.235
2024,672335,"Pérez, Cionel",RP,238.0,0.296
2024,672391,"Ort, Kaleb",RP,93.0,0.277
2024,672552,"O'Loughlin, Jack",RP,47.0,0.358
2024,672578,"Hernández, Carlos",RP,129.0,0.287
2024,672582,"Zerpa, Angel",RP,240.0,0.323
2024,672710,"Contreras, Roansy",RP,298.0,0.322
2024,672782,"Gómez, Yoendrys",RP,54.0,0.346
2024,672851,"Adon, Joan",RP,48.0,0.357
2024,672860,"Berroa, Prelander",RP,83.0,0.318
2024,673380,"Núñez, Dedniel",RP,135.0,0.234
2024,673513,"Matsui, Yuki",RP,257.0,0.283
2024,673929,"Leasure, Jordan",RP,142.0,0.366
2024,674285,"Salazar, Eduardo",RP,133.0,0.338
2024,674444,"Cruz, Steven",RP,18.0,0.049
2024,674944,"Guenther, Sean",RP,73.0,0.167
2024,675627,"Grove, Michael",RP,216.0,0.308
2024,675989,"Bolton, Cody",RP,83.0,0.33
2024,676083,"Junk, Janson",RP,48.0,0.566
2024,676092,"Snider, Collin",RP,169.0,0.288
2024,676105,"Criswell, Jeff",RP,87.0,0.353
2024,676254,"Walker, Ryan",RP,308.0,0.233
2024,676395,"Garcia, Robert",RP,251.0,0.27
2024,676428,"Hurter, Brant",RP,175.0,0.24
2024,676508,"Casparius, Ben",RP,37.0,0.309
2024,676534,"Faucher, Calvin",RP,235.0,0.299
2024,676568,"Vanasco, Ricky",RP,15.0,0.201
2024,676596,"Fleming, Josh",RP,138.0,0.334
2024,676604,"Zuber, Tyler",RP,15.0,0.346
2024,676614,"Sammons, Bryan",RP,104.0,0.277
2024,676617,"O'Brien, Riley",RP,46.0,0.467
2024,676661,"Lazar, Max",RP,54.0,0.309
2024,676680,"Cosgrove, Tom",RP,76.0,0.421
2024,676684,"Vest, Will",RP,289.0,0.261
2024,676702,"Stratton, Hunter",RP,158.0,0.297
2024,676714,"Hughes, Brandon",RP,89.0,0.457
2024,676755,"Mattson, Isaac",RP,23.0,0.219
2024,676760,"Marinaccio, Ron",RP,99.0,0.317
2024,676879,"Ashby, Aaron",RP,119.0,0.247
2024,676961,"Boushley, Caleb",RP,20.0,0.371
2024,676969,"de Geus, Brett",RP,52.0,0.382
2024,677020,"Walker, Josh",RP,56.0,0.338
2024,677053,"Nardi, Andrew",RP,210.0,0.312
2024,677161,"Kelly, Zack",RP,241.0,0.3
2024,677865,"Bruihl, Justin",RP,27.0,0.421
2024,677955,"Hill, Jaden",RP,45.0,0.302
2024,677976,"Dobnak, Randy",RP,45.0,0.343
2024,678020,"Halvorsen, Seth",RP,46.0,0.25
2024,678061,"Kerr, Ray",RP,103.0,0.39
2024,678226,"Hernández, Daysbel",RP,74.0,0.221
2024,678495,"Rodríguez, Randy",RP,221.0,0.301
2024,678606,"Ferrer, José A.",RP,129.0,0.245
2024,678692,"Henriquez, Ronny",RP,82.0,0.312
2024,678821,"Peralta, Luis",RP,49.0,0.238
2024,678906,"Teng, Kai-Wei",RP,55.0,0.41
2024,679156,"Pennington, Walter",RP,84.0,0.342
2024,679358,"Orze, Eric",RP,11.0,0.537
2024,679885,"Martinez, Justin",RP,308.0,0.269
2024,680572,"Kloffenstein, Adam",RP,3.0,0.0
2024,680704,"Sandlin, Nick",RP,246.0,0.328
2024,680739,"Winder, Josh",RP,38.0,0.228
2024,680744,"Madden, Ty",RP,101.0,0.322
2024,680767,"Vodnik, Victor",RP,320.0,0.322
2024,680880,"Holman, Grant",RP,73.0,0.327
2024,680891,"Neely, Jack",RP,28.0,0.385
2024,681347,"Burrows, Mike",RP,14.0,0.357
2024,681402,"Varland, Gus",RP,115.0,0.324
2024,681432,"Little, Luke",RP,109.0,0.282
2024,681517,"Leahy, Kyle",RP,191.0,0.27
2024,681676,"Fernandez, Ryan",RP,285.0,0.291
2024,681799,"Roberts, Ethan",RP,118.0,0.341
2024,681806,"Wantz, Andrew",RP,6.0,0.456
2024,681810,"Warren, Austin",RP,42.0,0.308
2024,681869,"Dubin, Shawn",RP,207.0,0.324
2024,681870,"Sabrowski, Erik",RP,47.0,0.179
2024,681871,"Villalobos, Eli",RP,18.0,0.309
2024,681882,"Selby, Colin",RP,28.0,0.219
2024,681892,"Funderburk, Kody",RP,161.0,0.37
2024,681911,"Vesia, Alex",RP,263.0,0.246
2024,681982,"Anderson, Grant",RP,120.0,0.409
2024,682120,"Herrin, Tim",RP,257.0,0.236
2024,682175,"Jacques, Joe",RP,16.0,0.515
2024,682254,"Montgomery, Mason",RP,37.0,0.266
2024,682842,"Uribe, Abner",RP,66.0,0.349
2024,682989,"Mederos, Victor",RP,27.0,0.453
2024,683068,"Penrod, Zach",RP,20.0,0.325
2024,683232,"Mears, Nick",RP,256.0,0.324
2024,683409,"Chivilli, Angel",RP,133.0,0.34
2024,683568,"Iriarte, Jairo",RP,30.0,0.272
2024,683618,"Henriquez, Edgardo",RP,14.0,0.224
2024,683627,"Molina, Anthony",RP,264.0,0.349
2024,683769,"Gaddis, Hunter",RP,278.0,0.22
2024,683822,"Uwasawa, Naoyuki",RP,16.0,0.22
2024,685107,"Veneziano, Anthony",RP,58.0,0.349
2024,685126,"Eisert, Brandon",RP,26.0,0.29
2024,685314,"Saalfrank, Andrew",RP,8.0,0.654
2024,685801,"Bigge, Hunter",RP,73.0,0.299
2024,686294,"Willingham, Amos",RP,5.0,0.586
2024,686539,"Cronin, Declan",RP,307.0,0.308
2024,686580,"Slaten, Justin",RP,224.0,0.253
2024,686642,"Ellard, Fraser",RP,101.0,0.28
2024,686654,"Adcock, Ty",RP,21.0,0.582
2024,686747,"La Sorsa, Joe",RP,74.0,0.321
2024,686790,"McDonald, Trevor",RP,10.0,0.069
2024,686826,"Jarvis, Bryce",RP,258.0,0.314
2024,686993,"Sterner, Justin",RP,19.0,0.286
2024,687014,"Avila, Nick",RP,55.0,0.413
2024,687330,"Kelly, Kevin",RP,278.0,0.268
2024,687362,"Gillispie, Connor",RP,32.0,0.241
2024,687377,"Ribalta, Orlando",RP,23.0,0.507
2024,687396,"Headrick, Brent",RP,13.0,0.36
2024,687424,"Maldonado, Anthony",RP,82.0,0.321
2024,687798,"Robertson, Nick",RP,55.0,0.343
2024,687847,"Church, Marc",RP,4.0,0.314
2024,687863,"Hodge, Porter",RP,164.0,0.214
2024,687911,"King, Bryan",RP,109.0,0.273
2024,687922,"Lucas, Easton",RP,61.0,0.402
2024,688297,"Roycroft, Chris",RP,155.0,0.309
2024,689147,"Kerkering, Orion",RP,257.0,0.271
2024,689266,"Dodd, Dylan",RP,9.0,0.51
2024,689690,"Jacob, Alek",RP,57.0,0.222
2024,689958,"Walters, Andrew",RP,32.0,0.147
2024,690544,"Horn, Bailey",RP,88.0,0.379
2024,690829,"Joyce, Ben",RP,142.0,0.263
2024,690925,"Beeter, Clayton",RP,15.0,0.331
2024,691172,"Zulueta, Yosver",RP,69.0,0.322
2024,692285,"Guerrero, Luis",RP,36.0,0.196
2024,693312,"Nicolas, Kyle",RP,244.0,0.315
2024,694037,"Palencia, Daniel",RP,69.0,0.336
2024,694350,"Brzykcy, Zach",RP,28.0,0.454
2024,694361,"Klein, Will",RP,38.0,0.426
2024,694363,"Shuster, Jared",RP,321.0,0.324
2024,694738,"Roupp, Landen",RP,217.0,0.294
2024,695243,"Miller, Mason",RP,249.0,0.218
2024,695549,"Jobe, Jackson",RP,16.0,0.105
2024,700187,"Taylor, Troy",RP,81.0,0.299
2024,701643,"Hartwig, Grant",RP,31.0,0.344
2024,702352,"Bivens, Spencer",RP,202.0,0.311
2024,702795,"Loutos, Ryan",RP,10.0,0.283
2024,703231,"Meeker, James",RP,4.0,0.393
2024,434378,"Verlander, Justin",SP,396.0,0.337
2024,450203,"Morton, Charlie",SP,701.0,0.335
2024,453286,"Scherzer, Max",SP,177.0,0.312
2024,456501,"Cueto, Johnny",SP,50.0,0.42
2024,458681,"Lynn, Lance",SP,511.0,0.314
2024,471911,"Carrasco, Carlos",SP,447.0,0.36
2024,477132,"Kershaw, Clayton",SP,133.0,0.336
2024,489119,"Miley, Wade",SP,30.0,0.343
2024,500779,"Quintana, Jose",SP,717.0,0.312
2024,502043,"Gibson, Kyle",SP,722.0,0.323
2024,502171,"Cobb, Alex",SP,62.0,0.269
2024,502179,"Espino, Paolo",SP,44.0,0.512
2024,506433,"Darvish, Yu",SP,331.0,0.286
2024,518876,"Kelly, Merrill",SP,300.0,0.311
2024,519242,"Sale, Chris",SP,702.0,0.26
2024,527048,"Pérez, Martín",SP,590.0,0.351
2024,527054,"Teheran, Julio",SP,16.0,0.513
2024,542881,"Anderson, Tyler",SP,765.0,0.308
2024,543037,"Cole, Gerrit",SP,390.0,0.286
2024,543135,"Eovaldi, Nathan",SP,696.0,0.291
2024,543243,"Gray, Sonny",SP,671.0,0.292
2024,543294,"Hendricks, Kyle",SP,567.0,0.339
2024,544150,"Suárez, Albert",SP,565.0,0.32
2024,547001,"Poteet, Cody",SP,96.0,0.266
2024,547179,"Lorenzen, Michael",SP,535.0,0.303
2024,548389,"Stripling, Ross",SP,381.0,0.344
2024,554430,"Wheeler, Zack",SP,787.0,0.256
2024,570632,"Ureña, José",SP,463.0,0.314
2024,571510,"Boyd, Matthew",SP,166.0,0.279
2024,571578,"Corbin, Patrick",SP,764.0,0.357
2024,571760,"Heaney, Andrew",SP,693.0,0.312
2024,571927,"Matz, Steven",SP,190.0,0.352
2024,571945,"Mikolas, Miles",SP,720.0,0.339
2024,572020,"Paxton, James",SP,437.0,0.324
2024,572971,"Keuchel, Dallas",SP,79.0,0.399
2024,573186,"Stroman, Marcus",SP,675.0,0.341
2024,579328,"Kikuchi, Yusei",SP,736.0,0.297
2024,592332,"Gausman, Kevin",SP,756.0,0.3
2024,592351,"Gray, Jon",SP,439.0,0.309
2024,592662,"Ray, Robbie",SP,129.0,0.316
2024,592791,"Taillon, Jameson",SP,675.0,0.289
2024,592836,"Walker, Taijuan",SP,381.0,0.413
2024,592866,"Williams, Trevor",SP,260.0,0.248
2024,593334,"Germán, Domingo",SP,100.0,0.379
2024,593423,"Montas, Frankie",SP,655.0,0.325
2024,593958,"Rodriguez, Eduardo",SP,224.0,0.35
2024,594798,"deGrom, Jacob",SP,44.0,0.304
2024,594835,"Gonzales, Marco",SP,151.0,0.362
2024,594902,"Lively, Ben",SP,632.0,0.315
2024,596001,"Junis, Jakob",SP,253.0,0.259
2024,596295,"Gomber, Austin",SP,696.0,0.339
2024,601713,"Pivetta, Nick",SP,595.0,0.306
2024,605135,"Bassitt, Chris",SP,758.0,0.331
2024,605156,"Brooks, Aaron",SP,119.0,0.358
2024,605182,"Clevinger, Mike",SP,78.0,0.418
2024,605288,"Houser, Adrian",SP,309.0,0.35
2024,605397,"Musgrove, Joe",SP,410.0,0.317
2024,605400,"Nola, Aaron",SP,820.0,0.31
2024,605452,"Ross, Joe",SP,321.0,0.299
2024,605483,"Snell, Blake",SP,418.0,0.241
2024,605488,"Springs, Jeffrey",SP,142.0,0.324
2024,605513,"Turnbull, Spencer",SP,222.0,0.272
2024,607067,"Rea, Colin",SP,714.0,0.327
2024,607074,"Rodón, Carlos",SP,736.0,0.32
2024,607192,"Glasnow, Tyler",SP,522.0,0.258
2024,607200,"Fedde, Erick",SP,726.0,0.293
2024,607259,"Martinez, Nick",SP,570.0,0.279
2024,607536,"Freeland, Kyle",SP,490.0,0.357
2024,607625,"Lugo, Seth",SP,836.0,0.278
2024,607644,"Means, John",SP,80.0,0.259
2024,608331,"Fried, Max",SP,714.0,0.273
2024,608334,"Fulmer, Carson",SP,379.0,0.326
2024,608344,"Irvin, Cole",SP,492.0,0.357
2024,608379,"Wacha, Michael",SP,685.0,0.3
2024,608566,"Márquez, Germán",SP,20.0,0.417
2024,615698,"Quantrill, Cal",SP,656.0,0.358
2024,621097,"Waguespack, Jacob",SP,51.0,0.397
2024,621107,"Eflin, Zach",SP,684.0,0.297
2024,621111,"Buehler, Walker",SP,344.0,0.37
2024,621112,"Blackburn, Paul",SP,316.0,0.329
2024,621244,"Berríos, José",SP,786.0,0.308
2024,621389,"Blach, Ty",SP,330.0,0.413
2024,622072,"Wood, Alex",SP,186.0,0.398
2024,622491,"Castillo, Luis",SP,719.0,0.305
2024,622608,"Senzatela, Antonio",SP,54.0,0.432
2024,622663,"Severino, Luis",SP,761.0,0.308
2024,623167,"Flexen, Chris",SP,707.0,0.355
2024,624133,"Suarez, Ranger",SP,626.0,0.297
2024,625643,"López, Reynaldo",SP,543.0,0.271
2024,628317,"Maeda, Kenta",SP,485.0,0.351
2024,630023,"Chirinos, Yonny",SP,144.0,0.425
2024,640455,"Manaea, Sean",SP,738.0,0.275
2024,641154,"López, Pablo",SP,772.0,0.306
2024,641302,"Alexander, Tyler",SP,455.0,0.335
2024,641312,"Anderson, Shaun",SP,85.0,0.458
2024,641482,"Cortes, Nestor",SP,710.0,0.307
2024,641540,"Dunning, Dane",SP,421.0,0.347
2024,641585,"France, J.P.",SP,121.0,0.373
2024,641712,"Hudson, Dakota",SP,404.0,0.36
2024,641793,"Littell, Zack",SP,656.0,0.317
2024,641816,"Mahle, Tyler",SP,56.0,0.329
2024,641927,"Ober, Bailey",SP,709.0,0.282
2024,642216,"Winans, Allan",SP,41.0,0.516
2024,642239,"Zastryzny, Rob",SP,29.0,0.19
2024,642547,"Peralta, Freddy",SP,725.0,0.305
2024,642834,"Bermúdez, Jonathan",SP,33.0,0.484
2024,647336,"Soroka, Michael",SP,347.0,0.324
2024,650633,"King, Michael",SP,726.0,0.284
2024,650644,"Civale, Aaron",SP,689.0,0.327
2024,650911,"Sánchez, Cristopher",SP,754.0,0.29
2024,656288,"Canning, Griffin",SP,739.0,0.341
2024,656302,"Cease, Dylan",SP,762.0,0.266
2024,656427,"Flaherty, Jack",SP,649.0,0.288
2024,656550,"Holmes, Grant",SP,282.0,0.287
2024,656557,"Houck, Tanner",SP,743.0,0.276
2024,656605,"Keller, Mitch",SP,773.0,0.331
2024,656731,"Megill, Tylor",SP,337.0,0.304
2024,656756,"Montgomery, Jordan",SP,532.0,0.37
2024,656849,"Peterson, David",SP,510.0,0.299
2024,656876,"Rasmussen, Drew",SP,116.0,0.242
2024,657006,"Steele, Justin",SP,555.0,0.271
2024,657277,"Webb, Logan",SP,841.0,0.288
2024,657376,"Schmidt, Clarke",SP,353.0,0.296
2024,657746,"Ryan, Joe",SP,538.0,0.282
2024,661563,"Gil, Luis",SP,637.0,0.288
2024,663362,"Waldron, Matt",SP,625.0,0.323
2024,663372,"Feltner, Ryan",SP,692.0,0.32
2024,663436,"Martin, Davis",SP,220.0,0.324
2024,663465,"Allard, Kolby",SP,117.0,0.378
2024,663474,"McKenzie, Triston",SP,340.0,0.359
2024,663554,"Mize, Casey",SP,452.0,0.335
2024,663559,"Falter, Bailey",SP,589.0,0.32
2024,663623,"Irvin, Jake",SP,769.0,0.314
2024,663687,"Harris, Hogan",SP,305.0,0.32
2024,663765,"Woodford, Jake",SP,167.0,0.379
2024,663776,"Sandoval, Patrick",SP,353.0,0.329
2024,663855,"Hicks, Jordan",SP,481.0,0.336
2024,663903,"Singer, Brady",SP,762.0,0.316
2024,663969,"Phillips, Tyler",SP,160.0,0.369
2024,663978,"Paddack, Chris",SP,384.0,0.332
2024,664192,"Lucchesi, Joey",SP,46.0,0.33
2024,664285,"Valdez, Framber",SP,703.0,0.272
2024,664299,"Javier, Cristian",SP,150.0,0.324
2024,664350,"Sánchez, Sixto",SP,162.0,0.354
2024,665152,"Kremer, Dean",SP,553.0,0.294
2024,665622,"Medina, Luis",SP,180.0,0.336
2024,665795,"Cabrera, Edward",SP,417.0,0.317
2024,665871,"Assad, Javier",SP,638.0,0.33
2024,666129,"Garrett, Braxton",SP,161.0,0.313
2024,666142,"Ragans, Cole",SP,762.0,0.277
2024,666157,"Lodolo, Nick",SP,493.0,0.309
2024,666159,"Manning, Matt",SP,123.0,0.336
2024,666200,"Luzardo, Jesús",SP,274.0,0.315
2024,666201,"Manoah, Alek",SP,103.0,0.291
2024,667725,"Tyler, Kyle",SP,142.0,0.363
2024,667755,"Soriano, José",SP,468.0,0.287
2024,668676,"Plesac, Zach",SP,54.0,0.392
2024,668678,"Gallen, Zac",SP,621.0,0.301
2024,668868,"Thompson, Zack",SP,83.0,0.432
2024,668873,"Kilian, Caleb",SP,48.0,0.36
2024,668881,"Greene, Hunter",SP,611.0,0.265
2024,668909,"Williams, Gavin",SP,332.0,0.315
2024,668933,"Ashcraft, Graham",SP,350.0,0.342
2024,668964,"Myers, Tobias",SP,569.0,0.297
2024,669022,"Gore, MacKenzie",SP,731.0,0.324
2024,669060,"Wilson, Bryse",SP,442.0,0.323
2024,669084,"Hall, DL",SP,197.0,0.35
2024,669165,"Hurt, Kyle",SP,27.0,0.314
2024,669194,"Nelson, Ryne",SP,630.0,0.322
2024,669203,"Burnes, Corbin",SP,784.0,0.273
2024,669302,"Gilbert, Logan",SP,803.0,0.255
2024,669330,"Wells, Tyler",SP,67.0,0.353
2024,669358,"Baz, Shane",SP,319.0,0.266
2024,669372,"Ginn, J.T.",SP,142.0,0.321
2024,669373,"Skubal, Tarik",SP,753.0,0.246
2024,669432,"Rogers, Trevor",SP,562.0,0.35
2024,669456,"Bieber, Shane",SP,45.0,0.244
2024,669467,"Pallante, Andre",SP,509.0,0.293
2024,669620,"Basso, Brady",SP,93.0,0.297
2024,669713,"Wesneski, Hayden",SP,283.0,0.293
2024,669721,"Daniel, Davis",SP,134.0,0.367
2024,669854,"Blanco, Ronel",SP,676.0,0.276
2024,669923,"Kirby, George",SP,778.0,0.287
2024,670102,"Francis, Bowden",SP,408.0,0.272
2024,670124,"Oller, Adam",SP,189.0,0.347
2024,670241,"Vines, Darius",SP,66.0,0.427
2024,670766,"McCaughan, Darren",SP,195.0,0.39
2024,671096,"Abbott, Andrew",SP,586.0,0.323
2024,671106,"Allen, Logan",SP,432.0,0.39
2024,671131,"Rutledge, Jackson",SP,34.0,0.336
2024,671212,"Boyle, Joe",SP,226.0,0.334
2024,671737,"Bradley, Taj",SP,578.0,0.308
2024,672282,"Detmers, Reid",SP,391.0,0.37
2024,672456,"Montero, Keider",SP,412.0,0.341
2024,673540,"Senga, Kodai",SP,20.0,0.217
2024,674003,"Bradford, Cody",SP,308.0,0.273
2024,674072,"Henry, Tommy",SP,182.0,0.414
2024,674370,"Bido, Osvaldo",SP,259.0,0.265
2024,675540,"Curry, Xzavion",SP,172.0,0.309
2024,675650,"Mercado, Michael",SP,64.0,0.504
2024,675911,"Strider, Spencer",SP,42.0,0.365
2024,675921,"Howard, Spencer",SP,144.0,0.408
2024,676106,"Hancock, Emerson",SP,266.0,0.339
2024,676130,"Buttó, José",SP,294.0,0.26
2024,676272,"Miller, Bobby",SP,258.0,0.411
2024,676282,"Cantillo, Joey",SP,163.0,0.321
2024,676440,"Bibee, Tanner",SP,710.0,0.299
2024,676477,"Whitlock, Garrett",SP,75.0,0.278
2024,676664,"Sears, JP",SP,758.0,0.324
2024,676710,"Crawford, Kutter",SP,759.0,0.304
2024,676775,"Winn, Keaton",SP,238.0,0.354
2024,676962,"Brown, Ben",SP,222.0,0.268
2024,676974,"Meyer, Max",SP,248.0,0.381
2024,676979,"Crochet, Garrett",SP,595.0,0.28
2024,677944,"Cecconi, Slade",SP,338.0,0.366
2024,677958,"Rocker, Kumar",SP,55.0,0.307
2024,677960,"Weathers, Ryan",SP,367.0,0.303
2024,678368,"Bellozo, Valente",SP,295.0,0.338
2024,678394,"Bello, Brayan",SP,702.0,0.319
2024,679525,"Marsh, Alec",SP,548.0,0.325
2024,680570,"Rodriguez, Grayson",SP,491.0,0.31
2024,680573,"Woods Richardson, Simeon",SP,569.0,0.305
2024,680686,"Gray, Josiah",SP,44.0,0.474
2024,680694,"Bradish, Kyle",SP,163.0,0.261
2024,680730,"Parker, Mitchell",SP,646.0,0.311
2024,680732,"Burke, Sean",SP,76.0,0.258
2024,680736,"Wrobleski, Justin",SP,154.0,0.361
2024,680742,"Bowlan, Jonathan",SP,17.0,0.639
2024,680885,"Schwellenbach, Spencer",SP,500.0,0.286
2024,680897,"Nastrini, Nick",SP,174.0,0.373
2024,681035,"Scott, Christian",SP,197.0,0.318
2024,681066,"Bush, Ky",SP,87.0,0.382
2024,681190,"Vásquez, Randy",SP,431.0,0.36
2024,681217,"Silseth, Chase",SP,38.0,0.37
2024,681293,"Arrighetti, Spencer",SP,632.0,0.332
2024,681857,"Olson, Reese",SP,465.0,0.282
2024,681867,"Criswell, Cooper",SP,424.0,0.327
2024,682052,"Lopez, Jacob",SP,46.0,0.291
2024,682227,"Williamson, Brandon",SP,59.0,0.318
2024,682243,"Miller, Bryce",SP,704.0,0.26
2024,682610,"Muñoz, Roddery",SP,379.0,0.393
2024,682847,"Ortiz, Luis",SP,556.0,0.287
2024,682990,"Priester, Quinn",SP,221.0,0.327
2024,683003,"Jones, Jared",SP,504.0,0.314
2024,683004,"Leiter, Jack",SP,173.0,0.384
2024,683155,"Estes, Joey",SP,543.0,0.333
2024,684007,"Imanaga, Shota",SP,694.0,0.279
2024,684320,"Rodríguez, Yariel",SP,368.0,0.312
2024,685116,"Kitchen, Austin",SP,42.0,0.459
2024,685299,"Gordon, Tanner",SP,160.0,0.44
2024,686563,"Cannon, Jonathan",SP,522.0,0.332
2024,686613,"Brown, Hunter",SP,712.0,0.296
2024,686730,"Spiers, Carson",SP,410.0,0.379
2024,686751,"Johnson, Seth",SP,18.0,0.613
2024,686752,"Pepiot, Ryan",SP,539.0,0.29
2024,686796,"Walston, Blake",SP,83.0,0.344
2024,686799,"Kochanowicz, Jack",SP,266.0,0.323
2024,686973,"Varland, Louis",SP,238.0,0.382
2024,687134,"Blalock, Bradley",SP,147.0,0.371
2024,687765,"Spence, Mitch",SP,651.0,0.34
2024,687792,"Herz, DJ",SP,382.0,0.294
2024,687924,"Aguiar, Julian",SP,140.0,0.354
2024,688107,"Gasser, Robert",SP,114.0,0.268
2024,689017,"Knack, Landon",SP,286.0,0.304
2024,689225,"Brieske, Beau",SP,282.0,0.291
2024,689672,"Thorpe, Drew",SP,190.0,0.315
2024,689981,"Ryan, River",SP,81.0,0.263
2024,690916,"Fitts, Richard",SP,85.0,0.273
2024,690986,"Harrison, Kyle",SP,532.0,0.33
2024,691441,"Mena, Cristian",SP,15.0,0.529
2024,691951,"Aldegheri, Sam",SP,67.0,0.373
2024,692230,"Rodriguez, Carlos",SP,57.0,0.418
2024,693433,"Woo, Bryan",SP,472.0,0.249
2024,693821,"Elder, Bryce",SP,226.0,0.37
2024,694297,"Pfaadt, Brandon",SP,760.0,0.312
2024,694462,"Waldrep, Hurston",SP,36.0,0.501
2024,694646,"McDermott, Chayce",SP,18.0,0.386
2024,694813,"Stone, Gavin",SP,580.0,0.304
2024,694973,"Skenes, Paul",SP,514.0,0.247
2024,695076,"Lowder, Rhett",SP,128.0,0.253
2024,696131,"Black, Mason",SP,169.0,0.387
2024,696136,"Wicks, Jordan",SP,212.0,0.373
2024,700241,"McGreevy, Michael",SP,86.0,0.223
2024,700249,"Povich, Cade",SP,352.0,0.339
2024,700270,"Díaz, Yilber",SP,119.0,0.327
2024,700363,"Smith-Shawver, AJ",SP,18.0,0.224
2024,700669,"Graceffo, Gordon",SP,31.0,0.329
2024,701542,"Warren, Will",SP,110.0,0.428
2024,701581,"Festa, David",SP,277.0,0.324
2024,702674,"Dana, Caden",SP,52.0,0.478
2024,800049,"Mazur, Adam",SP,158.0,0.399
2024,805673,"Matthews, Zebby",SP,177.0,0.397
2024,806185,"Birdsong, Hayden",SP,315.0,0.321
2024,808967,"Yamamoto, Yoshinobu",SP,368.0,0.278
2024,814005,"Bloss, Jake",SP,55.0,0.428
